reading_timestamp,actual_temperature,threshold_min_temperature,threshold_max_temperature,product,shipment_id,operator,unit_co2_emitted,shipment_cost_eur,label_id,in_range,out_of_range,severity,exposure,city,latitude,longitude
2025-05-29 01:12:00,14.04515228,13,15,Bananas - Red Banana,SH1521,Savino Del Bene – OP-005,32.0,250,LOT202505-20250529-001,True,False,None,0.0,Torino,45.0703,7.6869
2025-03-25 04:32:00,1.84405547,0,4,Apples - Golden,SH1737,Italtrans – OP-004,20.0,200,LOT202503-20250325-002,True,False,None,0.0,Bolzano,46.4983,11.3548
2025-05-28 10:15:00,2.911797404,1,4,Lettuce - Iceberg,SH1740,Amazon Italia Logistica – OP-010,15.0,180,LOT202505-20250528-003,True,False,None,0.0,Modena,44.6471,10.9252
2025-03-23 04:46:00,2.544711122,1,4,Lettuce - Iceberg,SH1660,BRT (Bartolini) – OP-008,15.0,180,LOT202503-20250323-004,True,False,None,0.0,Venezia,45.4408,12.3155
2025-04-20 09:05:00,3.06436433,1,4,Lettuce - Iceberg,SH1411,BCUBE – OP-006,15.0,180,LOT202504-20250420-005,True,False,None,0.0,Roma,41.9028,12.4964
2025-03-10 00:27:00,1.665823436,0,4,Apples - Evelina,SH1678,BCUBE – OP-006,19.0,195,LOT202503-20250310-006,True,False,None,0.0,Roma,41.9028,12.4964
2025-03-26 21:51:00,1.072260512,0,2,Strawberries - Albion,SH1626,BRT (Bartolini) – OP-008,30.0,260,LOT202503-20250326-007,True,False,None,0.0,Roma,41.9028,12.4964
2025-03-22 22:15:00,2.553150552,1,4,Lettuce - Lollo Rosso,SH1513,Schenker Italiana – OP-007,16.0,185,LOT202503-20250322-008,True,False,None,0.0,Latina,41.4676,12.9037
2025-04-14 08:12:00,2.070335456,0,4,Apples - Fuji,SH1859,Amazon Italia Logistica – OP-010,21.0,205,LOT202504-20250414-009,True,False,None,0.0,Venezia,45.4408,12.3155
2025-05-28 15:30:00,11.88173703,10,13,Tomatoes - Cherry,SH1136,Amazon Italia Logistica – OP-010,18.0,210,LOT202505-20250528-010,True,False,None,0.0,Prato,43.8777,11.1022
2025-03-01 16:47:00,2.591867549,1,4,Lettuce - Romaine,SH1811,BRT (Bartolini) – OP-008,17.0,190,LOT202503-20250301-011,True,False,None,0.0,Roma,41.9028,12.4964
2025-04-19 07:01:00,11.11402661,10,13,Tomatoes - Roma,SH1076,Arcese Trasporti – OP-002,20.0,220,LOT202504-20250419-012,True,False,None,0.0,Andria,41.231,16.2973
2025-04-22 22:42:00,1.520981382,0,4,Apples - Fuji,SH1636,GLS Italy – OP-009,21.0,205,LOT202504-20250422-013,True,False,None,0.0,Rimini,44.0604,12.5656
2025-04-02 23:57:00,16.49053443,13,15,Bananas - Red Banana,SH1973,FERCAM – OP-001,32.0,250,LOT202504-20250402-014,False,True,High,1.490534429,Milano,45.4642,9.19
2025-05-16 09:42:00,1.64977394,0,4,Apples - Red Delicious,SH1938,BRT (Bartolini) – OP-008,18.0,198,LOT202505-20250516-015,True,False,None,0.0,Roma,41.9028,12.4964
2025-03-21 07:37:00,12.33143227,10,13,Tomatoes - Roma,SH1899,Italtrans – OP-004,20.0,220,LOT202503-20250321-016,True,False,None,0.0,Roma,41.9028,12.4964
2025-04-30 14:32:00,11.21977177,10,13,Tomatoes - San Marzano,SH1280,Italtrans – OP-004,22.0,230,LOT202504-20250430-017,True,False,None,0.0,Napoli,40.8518,14.2681
2025-03-30 07:27:00,2.84209807,0,4,Apples - Fuji,SH1883,Savino Del Bene – OP-005,21.0,205,LOT202503-20250330-018,True,False,None,0.0,Bologna,44.4949,11.3426
2025-03-10 05:21:00,0.002839352,0,2,Strawberries - Monterey,SH1761,BRT (Bartolini) – OP-008,29.0,255,LOT202503-20250310-019,True,False,None,0.0,Palermo,38.1157,13.3615
2025-04-12 12:46:00,2.116879994,0,4,Apples - Golden,SH1319,Savino Del Bene – OP-005,20.0,200,LOT202504-20250412-020,True,False,None,0.0,Napoli,40.8518,14.2681
2025-03-01 23:55:00,3.019964287,1,4,Lettuce - Romaine,SH1549,BRT (Bartolini) – OP-008,17.0,190,LOT202503-20250301-021,True,False,None,0.0,Venezia,45.4408,12.3155
2025-05-08 15:55:00,14.32401363,13,15,Bananas - Red Banana,SH1174,Amazon Italia Logistica – OP-010,32.0,250,LOT202505-20250508-022,True,False,None,0.0,Roma,41.9028,12.4964
2025-05-09 22:06:00,1.263662759,0,4,Apples - Gala,SH1371,FERCAM – OP-001,19.5,202,LOT202505-20250509-023,True,False,None,0.0,Napoli,40.8518,14.2681
2025-05-03 10:37:00,13.81808384,13,15,Bananas - Red Banana,SH1527,Amazon Italia Logistica – OP-010,32.0,250,LOT202505-20250503-024,True,False,None,0.0,Torino,45.0703,7.6869
2025-03-19 12:20:00,11.70777786,10,13,Tomatoes - Roma,SH1210,GLS Italy – OP-009,20.0,220,LOT202503-20250319-025,True,False,None,0.0,Palermo,38.1157,13.3615
2025-03-04 12:44:00,14.54154641,13,15,Bananas - Cavendish,SH1235,BCUBE – OP-006,31.5,240,LOT202503-20250304-026,True,False,None,0.0,Ravenna,44.4184,12.2035
2025-04-27 01:57:00,3.318598581,1,4,Lettuce - Iceberg,SH1101,SDA Express Courier – OP-003,15.0,180,LOT202504-20250427-027,True,False,None,0.0,Milano,45.4642,9.19
2025-03-10 09:07:00,2.499882515,0,4,Apples - Golden,SH1986,BRT (Bartolini) – OP-008,20.0,200,LOT202503-20250310-028,True,False,None,0.0,Bologna,44.4949,11.3426
2025-04-20 09:55:00,12.96290689,10,13,Tomatoes - Beefsteak,SH1902,GLS Italy – OP-009,19.0,215,LOT202504-20250420-029,True,False,None,0.0,Catania,37.5079,15.083
2025-04-28 04:47:00,0.902328172,0,2,Strawberries - Albion,SH1947,BCUBE – OP-006,30.0,260,LOT202504-20250428-030,True,False,None,0.0,Roma,41.9028,12.4964
2025-04-01 14:59:00,1.106231108,0,4,Apples - Red Delicious,SH1346,Schenker Italiana – OP-007,18.0,198,LOT202504-20250401-031,True,False,None,0.0,Venezia,45.4408,12.3155
2025-05-20 12:33:00,2.002267858,0,4,Apples - Golden,SH1139,FERCAM – OP-001,20.0,200,LOT202505-20250520-032,True,False,None,0.0,Roma,41.9028,12.4964
2025-03-06 04:51:00,1.955196921,1,4,Lettuce - Butterhead,SH1621,Savino Del Bene – OP-005,14.0,175,LOT202503-20250306-033,True,False,None,0.0,Roma,41.9028,12.4964
2025-05-28 16:26:00,1.989694439,0,4,Apples - Fuji,SH1499,Savino Del Bene – OP-005,21.0,205,LOT202505-20250528-034,True,False,None,0.0,Bolzano,46.4983,11.3548
2025-05-18 08:31:00,1.353191098,1,4,Lettuce - Romaine,SH1370,Amazon Italia Logistica – OP-010,17.0,190,LOT202505-20250518-035,True,False,None,0.0,Lecce,40.3529,18.1743
2025-04-04 20:32:00,12.18183211,10,13,Tomatoes - Roma,SH1198,Italtrans – OP-004,20.0,220,LOT202504-20250404-036,True,False,None,0.0,Cagliari,39.2238,9.1217
2025-04-25 19:55:00,2.31099748,0,4,Apples - Golden,SH1687,BCUBE – OP-006,20.0,200,LOT202504-20250425-037,True,False,None,0.0,Napoli,40.8518,14.2681
2025-05-25 23:17:00,2.180721759,0,4,Apples - Gala,SH1584,Schenker Italiana – OP-007,19.5,202,LOT202505-20250525-038,True,False,None,0.0,Roma,41.9028,12.4964
2025-04-14 08:48:00,12.20007523,10,13,Tomatoes - Roma,SH1901,GLS Italy – OP-009,20.0,220,LOT202504-20250414-039,True,False,None,0.0,Taranto,40.4644,17.247
2025-04-21 02:49:00,2.55610523,0,4,Apples - Renetta,SH1059,FERCAM – OP-001,20.5,210,LOT202504-20250421-040,True,False,None,0.0,Palermo,38.1157,13.3615
2025-03-07 07:17:00,2.363370541,0,4,Apples - Golden,SH1328,BCUBE – OP-006,20.0,200,LOT202503-20250307-041,True,False,None,0.0,Roma,41.9028,12.4964
2025-05-21 13:20:00,1.230980913,0,2,Strawberries - Albion,SH1096,Schenker Italiana – OP-007,30.0,260,LOT202505-20250521-042,True,False,None,0.0,Genova,44.4056,8.9463
2025-05-25 08:21:00,14.15194989,13,15,Bananas - Cavendish,SH1312,SDA Express Courier – OP-003,31.5,240,LOT202505-20250525-043,True,False,None,0.0,Roma,41.9028,12.4964
2025-03-15 13:13:00,2.176057989,0,4,Apples - Red Delicious,SH1974,BRT (Bartolini) – OP-008,18.0,198,LOT202503-20250315-044,True,False,None,0.0,Siracusa,37.0755,15.2866
2025-04-23 09:59:00,11.83301672,10,13,Tomatoes - Cherry,SH1299,Savino Del Bene – OP-005,18.0,210,LOT202504-20250423-045,True,False,None,0.0,Milano,45.4642,9.19
2025-05-19 15:22:00,2.154220267,0,4,Apples - Renetta,SH1277,GLS Italy – OP-009,20.5,210,LOT202505-20250519-046,True,False,None,0.0,Trieste,45.6495,13.7768
2025-05-24 01:21:00,1.636866409,0,4,Apples - Golden,SH1924,Savino Del Bene – OP-005,20.0,200,LOT202505-20250524-047,True,False,None,0.0,Napoli,40.8518,14.2681
2025-04-17 03:29:00,1.88610343,0,4,Apples - Fuji,SH1601,GLS Italy – OP-009,21.0,205,LOT202504-20250417-048,True,False,None,0.0,Bologna,44.4949,11.3426
2025-03-17 13:01:00,1.251579894,0,2,Strawberries - Elsanta,SH1439,Amazon Italia Logistica – OP-010,28.0,250,LOT202503-20250317-049,True,False,None,0.0,Firenze,43.7696,11.2558
2025-03-27 02:07:00,1.896553283,0,4,Apples - Gala,SH1837,Italtrans – OP-004,19.5,202,LOT202503-20250327-050,True,False,None,0.0,Roma,41.9028,12.4964
2025-05-20 02:54:00,2.24730613,1,4,Lettuce - Lollo Rosso,SH1570,GLS Italy – OP-009,16.0,185,LOT202505-20250520-051,True,False,None,0.0,Andria,41.231,16.2973
2025-03-18 06:20:00,1.819440813,0,4,Apples - Golden,SH1879,Savino Del Bene – OP-005,20.0,200,LOT202503-20250318-052,True,False,None,0.0,Perugia,43.1107,12.3908
2025-03-15 17:15:00,1.450235166,0,4,Apples - Fuji,SH1261,Amazon Italia Logistica – OP-010,21.0,205,LOT202503-20250315-053,True,False,None,0.0,Terni,42.5636,12.6427
2025-04-23 19:15:00,14.59377005,13,15,Bananas - Plantain,SH1578,GLS Italy – OP-009,33.0,260,LOT202504-20250423-054,True,False,None,0.0,Bergamo,45.6983,9.6773
2025-05-03 02:34:00,13.54500434,13,15,Bananas - Cavendish,SH1023,SDA Express Courier – OP-003,31.5,240,LOT202505-20250503-055,True,False,None,0.0,Venezia,45.4408,12.3155
2025-04-30 14:26:00,11.8224059,10,13,Tomatoes - Beefsteak,SH1030,Italtrans – OP-004,19.0,215,LOT202504-20250430-056,True,False,None,0.0,Forlì,44.2227,12.0407
2025-03-15 21:07:00,1.232315065,0,2,Strawberries - Monterey,SH1617,GLS Italy – OP-009,29.0,255,LOT202503-20250315-057,True,False,None,0.0,Roma,41.9028,12.4964
2025-05-09 22:52:00,-1.136304057,0,4,Apples - Fuji,SH1010,Amazon Italia Logistica – OP-010,21.0,205,LOT202505-20250509-058,False,True,High,0.0,Milano,45.4642,9.19
2025-03-19 19:23:00,11.88017492,10,13,Tomatoes - Roma,SH1221,BCUBE – OP-006,20.0,220,LOT202503-20250319-059,True,False,None,0.0,Roma,41.9028,12.4964
2025-04-30 10:46:00,11.44359916,10,13,Tomatoes - Cherry,SH1820,Arcese Trasporti – OP-002,18.0,210,LOT202504-20250430-060,True,False,None,0.0,Napoli,40.8518,14.2681
2025-04-09 20:12:00,13.6916866,13,15,Bananas - Cavendish,SH1296,Schenker Italiana – OP-007,31.5,240,LOT202504-20250409-061,True,False,None,0.0,Torino,45.0703,7.6869
2025-05-25 23:06:00,11.52032621,10,13,Tomatoes - Cherry,SH1054,Arcese Trasporti – OP-002,18.0,210,LOT202505-20250525-062,True,False,None,0.0,Milano,45.4642,9.19
2025-03-31 14:24:00,0.8585057,0,2,Strawberries - San Andreas,SH1542,Arcese Trasporti – OP-002,31.0,265,LOT202503-20250331-063,True,False,None,0.0,Rimini,44.0604,12.5656
2025-03-06 10:13:00,13.76984357,13,15,Bananas - Red Banana,SH1209,FERCAM – OP-001,32.0,250,LOT202503-20250306-064,True,False,None,0.0,Torino,45.0703,7.6869
2025-03-22 22:38:00,1.804664593,0,4,Apples - Renetta,SH1604,SDA Express Courier – OP-003,20.5,210,LOT202503-20250322-065,True,False,None,0.0,Milano,45.4642,9.19
2025-05-18 06:38:00,1.532320233,0,2,Strawberries - Albion,SH1692,BCUBE – OP-006,30.0,260,LOT202505-20250518-066,True,False,None,0.0,Firenze,43.7696,11.2558
2025-05-28 02:39:00,1.534968918,0,4,Apples - Fuji,SH1662,BRT (Bartolini) – OP-008,21.0,205,LOT202505-20250528-067,True,False,None,0.0,Roma,41.9028,12.4964
2025-05-04 15:46:00,11.91394232,10,13,Tomatoes - Beefsteak,SH1866,GLS Italy – OP-009,19.0,215,LOT202505-20250504-068,True,False,None,0.0,Cagliari,39.2238,9.1217
2025-03-19 19:22:00,1.885273276,0,4,Apples - Golden,SH1070,Schenker Italiana – OP-007,20.0,200,LOT202503-20250319-069,True,False,None,0.0,Roma,41.9028,12.4964
2025-03-21 07:21:00,1.915830274,0,4,Apples - Gala,SH1543,Italtrans – OP-004,19.5,202,LOT202503-20250321-070,True,False,None,0.0,Udine,46.0622,13.234
2025-05-06 19:34:00,10.83502093,10,13,Tomatoes - Cherry,SH1107,BCUBE – OP-006,18.0,210,LOT202505-20250506-071,True,False,None,0.0,Perugia,43.1107,12.3908
2025-03-31 22:49:00,13.95535517,13,15,Bananas - Plantain,SH1493,Savino Del Bene – OP-005,33.0,260,LOT202503-20250331-072,True,False,None,0.0,Milano,45.4642,9.19
2025-03-09 03:45:00,11.52064005,10,13,Tomatoes - Cherry,SH1590,BRT (Bartolini) – OP-008,18.0,210,LOT202503-20250309-073,True,False,None,0.0,Roma,41.9028,12.4964
2025-03-19 01:49:00,1.678024648,0,4,Apples - Fuji,SH1741,FERCAM – OP-001,21.0,205,LOT202503-20250319-074,True,False,None,0.0,Foggia,41.4622,15.5446
2025-03-10 01:05:00,1.098437851,0,4,Apples - Evelina,SH1292,FERCAM – OP-001,19.0,195,LOT202503-20250310-075,True,False,None,0.0,Prato,43.8777,11.1022
2025-05-10 14:20:00,2.664508003,0,4,Apples - Gala,SH1289,BCUBE – OP-006,19.5,202,LOT202505-20250510-076,True,False,None,0.0,Parma,44.8015,10.3279
2025-05-25 16:35:00,14.4408013,13,15,Bananas - Cavendish,SH1652,Amazon Italia Logistica – OP-010,31.5,240,LOT202505-20250525-077,True,False,None,0.0,Perugia,43.1107,12.3908
2025-03-10 22:08:00,0.78777314,0,2,Strawberries - Albion,SH1039,Arcese Trasporti – OP-002,30.0,260,LOT202503-20250310-078,True,False,None,0.0,Roma,41.9028,12.4964
2025-05-01 22:26:00,2.205434326,0,4,Apples - Red Delicious,SH1589,Savino Del Bene – OP-005,18.0,198,LOT202505-20250501-079,True,False,None,0.0,Torino,45.0703,7.6869
2025-03-05 13:00:00,3.066087141,0,4,Apples - Evelina,SH1307,FERCAM – OP-001,19.0,195,LOT202503-20250305-080,True,False,None,0.0,Roma,41.9028,12.4964
2025-05-07 21:28:00,1.577035836,1,4,Lettuce - Butterhead,SH1679,Schenker Italiana – OP-007,14.0,175,LOT202505-20250507-081,True,False,None,0.0,Latina,41.4676,12.9037
2025-04-26 21:58:00,11.09963802,10,13,Tomatoes - San Marzano,SH1066,FERCAM – OP-001,22.0,230,LOT202504-20250426-082,True,False,None,0.0,Verona,45.4384,10.9916
2025-04-17 19:58:00,0.852867636,0,2,Strawberries - Monterey,SH1275,Italtrans – OP-004,29.0,255,LOT202504-20250417-083,True,False,None,0.0,Napoli,40.8518,14.2681
2025-03-30 01:26:00,2.537878938,0,4,Apples - Red Delicious,SH1067,GLS Italy – OP-009,18.0,198,LOT202503-20250330-084,True,False,None,0.0,Roma,41.9028,12.4964
2025-05-10 05:48:00,14.33489609,13,15,Bananas - Red Banana,SH1318,FERCAM – OP-001,32.0,250,LOT202505-20250510-085,True,False,None,0.0,Napoli,40.8518,14.2681
2025-04-22 17:32:00,13.64198616,13,15,Bananas - Red Banana,SH1548,Italtrans – OP-004,32.0,250,LOT202504-20250422-086,True,False,None,0.0,Napoli,40.8518,14.2681
2025-03-13 03:22:00,1.486895481,0,4,Apples - Gala,SH1998,BCUBE – OP-006,19.5,202,LOT202503-20250313-087,True,False,None,0.0,Parma,44.8015,10.3279
2025-03-17 06:11:00,2.287159641,1,4,Lettuce - Romaine,SH1714,BCUBE – OP-006,17.0,190,LOT202503-20250317-088,True,False,None,0.0,Messina,38.1938,15.554
2025-04-05 09:35:00,2.202436722,1,4,Lettuce - Butterhead,SH1753,BRT (Bartolini) – OP-008,14.0,175,LOT202504-20250405-089,True,False,None,0.0,Bergamo,45.6983,9.6773
2025-04-12 01:05:00,0.709984549,0,2,Strawberries - Monterey,SH1327,FERCAM – OP-001,29.0,255,LOT202504-20250412-090,True,False,None,0.0,Genova,44.4056,8.9463
2025-05-17 23:42:00,10.68734668,10,13,Tomatoes - Beefsteak,SH1382,Schenker Italiana – OP-007,19.0,215,LOT202505-20250517-091,True,False,None,0.0,Roma,41.9028,12.4964
2025-04-24 17:17:00,2.86889502,1,4,Lettuce - Lollo Rosso,SH1451,FERCAM – OP-001,16.0,185,LOT202504-20250424-092,True,False,None,0.0,Prato,43.8777,11.1022
2025-04-06 07:47:00,2.588139778,1,4,Lettuce - Iceberg,SH1522,Schenker Italiana – OP-007,15.0,180,LOT202504-20250406-093,True,False,None,0.0,Reggio Emilia,44.698,10.63
2025-03-03 03:33:00,11.01546012,10,13,Tomatoes - Beefsteak,SH1218,SDA Express Courier – OP-003,19.0,215,LOT202503-20250303-094,True,False,None,0.0,Bari,41.1171,16.8719
2025-04-23 15:38:00,1.974022321,0,2,Strawberries - Elsanta,SH1787,BRT (Bartolini) – OP-008,28.0,250,LOT202504-20250423-095,True,False,None,0.0,Perugia,43.1107,12.3908
2025-03-16 07:22:00,11.93030567,10,13,Tomatoes - Cherry,SH1436,SDA Express Courier – OP-003,18.0,210,LOT202503-20250316-096,True,False,None,0.0,Genova,44.4056,8.9463
2025-04-06 18:10:00,0.960708223,0,2,Strawberries - San Andreas,SH1764,FERCAM – OP-001,31.0,265,LOT202504-20250406-097,True,False,None,0.0,Bologna,44.4949,11.3426
2025-05-21 15:44:00,11.8598993,10,13,Tomatoes - Beefsteak,SH1088,BRT (Bartolini) – OP-008,19.0,215,LOT202505-20250521-098,True,False,None,0.0,Palermo,38.1157,13.3615
2025-03-31 20:13:00,10.96169408,10,13,Tomatoes - Roma,SH1063,SDA Express Courier – OP-003,20.0,220,LOT202503-20250331-099,True,False,None,0.0,Roma,41.9028,12.4964
2025-05-18 17:47:00,14.35082542,13,15,Bananas - Cavendish,SH1826,Arcese Trasporti – OP-002,31.5,240,LOT202505-20250518-100,True,False,None,0.0,Roma,41.9028,12.4964
2025-05-05 00:23:00,13.27500928,13,15,Bananas - Cavendish,SH1716,FERCAM – OP-001,31.5,240,LOT202505-20250505-101,True,False,None,0.0,Roma,41.9028,12.4964
2025-05-07 23:23:00,11.72571642,10,13,Tomatoes - San Marzano,SH1351,SDA Express Courier – OP-003,22.0,230,LOT202505-20250507-102,True,False,None,0.0,Messina,38.1938,15.554
2025-03-24 10:36:00,2.457823315,0,4,Apples - Fuji,SH1936,Arcese Trasporti – OP-002,21.0,205,LOT202503-20250324-103,True,False,None,0.0,Napoli,40.8518,14.2681
2025-04-06 23:48:00,2.367514794,0,4,Apples - Fuji,SH1256,Arcese Trasporti – OP-002,21.0,205,LOT202504-20250406-104,True,False,None,0.0,Bologna,44.4949,11.3426
2025-03-28 05:34:00,1.009618873,0,2,Strawberries - San Andreas,SH1635,BCUBE – OP-006,31.0,265,LOT202503-20250328-105,True,False,None,0.0,Siracusa,37.0755,15.2866
2025-04-26 20:31:00,1.584300402,0,4,Apples - Red Delicious,SH1644,FERCAM – OP-001,18.0,198,LOT202504-20250426-106,True,False,None,0.0,Milano,45.4642,9.19
2025-05-28 18:44:00,1.310436105,0,2,Strawberries - Monterey,SH1554,Arcese Trasporti – OP-002,29.0,255,LOT202505-20250528-107,True,False,None,0.0,Torino,45.0703,7.6869
2025-03-20 20:42:00,2.766756723,1,4,Lettuce - Butterhead,SH1959,BCUBE – OP-006,14.0,175,LOT202503-20250320-108,True,False,None,0.0,Reggio Calabria,38.1112,15.6613
2025-04-07 00:51:00,2.581008939,0,4,Apples - Gala,SH1168,SDA Express Courier – OP-003,19.5,202,LOT202504-20250407-109,True,False,None,0.0,Milano,45.4642,9.19
2025-04-03 23:01:00,2.181333451,1,4,Lettuce - Lollo Rosso,SH1917,Italtrans – OP-004,16.0,185,LOT202504-20250403-110,True,False,None,0.0,Roma,41.9028,12.4964
2025-05-09 10:26:00,0.902378952,0,2,Strawberries - Elsanta,SH1528,FERCAM – OP-001,28.0,250,LOT202505-20250509-111,True,False,None,0.0,Milano,45.4642,9.19
2025-04-14 00:56:00,1.783378228,0,4,Apples - Red Delicious,SH1823,BRT (Bartolini) – OP-008,18.0,198,LOT202504-20250414-112,True,False,None,0.0,Roma,41.9028,12.4964
2025-03-23 08:36:00,2.746223549,0,4,Apples - Gala,SH1985,Schenker Italiana – OP-007,19.5,202,LOT202503-20250323-113,True,False,None,0.0,Vicenza,45.5455,11.5354
2025-05-29 03:46:00,2.072841496,1,4,Lettuce - Romaine,SH1816,Schenker Italiana – OP-007,17.0,190,LOT202505-20250529-114,True,False,None,0.0,Cagliari,39.2238,9.1217
2025-03-04 21:46:00,1.449048269,0,4,Apples - Red Delicious,SH1086,SDA Express Courier – OP-003,18.0,198,LOT202503-20250304-115,True,False,None,0.0,Messina,38.1938,15.554
2025-03-06 03:44:00,0.506898544,0,2,Strawberries - San Andreas,SH1432,Amazon Italia Logistica – OP-010,31.0,265,LOT202503-20250306-116,True,False,None,0.0,Giugliano in Campania,40.9287,14.1951
2025-03-09 22:17:00,14.54959302,13,15,Bananas - Red Banana,SH1184,Amazon Italia Logistica – OP-010,32.0,250,LOT202503-20250309-117,True,False,None,0.0,Cagliari,39.2238,9.1217
2025-05-16 16:59:00,2.122602175,1,4,Lettuce - Butterhead,SH1978,SDA Express Courier – OP-003,14.0,175,LOT202505-20250516-118,True,False,None,0.0,Roma,41.9028,12.4964
2025-05-20 07:01:00,2.016952658,0,4,Apples - Renetta,SH1534,Arcese Trasporti – OP-002,20.5,210,LOT202505-20250520-119,True,False,None,0.0,Bergamo,45.6983,9.6773
2025-03-14 21:02:00,14.23113047,13,15,Bananas - Plantain,SH1294,FERCAM – OP-001,33.0,260,LOT202503-20250314-120,True,False,None,0.0,Firenze,43.7696,11.2558
2025-04-23 10:41:00,1.93819222,0,4,Apples - Red Delicious,SH1892,Schenker Italiana – OP-007,18.0,198,LOT202504-20250423-121,True,False,None,0.0,Cagliari,39.2238,9.1217
2025-03-02 09:00:00,3.158542095,1,4,Lettuce - Lollo Rosso,SH1425,Schenker Italiana – OP-007,16.0,185,LOT202503-20250302-122,True,False,None,0.0,Trento,46.07,11.119
2025-04-03 12:50:00,2.04432045,0,4,Apples - Golden,SH1713,Arcese Trasporti – OP-002,20.0,200,LOT202504-20250403-123,True,False,None,0.0,Napoli,40.8518,14.2681
2025-03-19 08:31:00,2.407961886,0,4,Apples - Gala,SH1260,Schenker Italiana – OP-007,19.5,202,LOT202503-20250319-124,True,False,None,0.0,Roma,41.9028,12.4964
2025-04-29 00:16:00,2.754316316,1,4,Lettuce - Iceberg,SH1237,BRT (Bartolini) – OP-008,15.0,180,LOT202504-20250429-125,True,False,None,0.0,Milano,45.4642,9.19
2025-05-14 12:08:00,2.419700566,0,4,Apples - Evelina,SH1559,FERCAM – OP-001,19.0,195,LOT202505-20250514-126,True,False,None,0.0,Palermo,38.1157,13.3615
2025-04-27 10:31:00,14.04712013,13,15,Bananas - Red Banana,SH1583,GLS Italy – OP-009,32.0,250,LOT202504-20250427-127,True,False,None,0.0,Foggia,41.4622,15.5446
2025-05-19 07:07:00,2.049839617,1,4,Lettuce - Butterhead,SH1445,Schenker Italiana – OP-007,14.0,175,LOT202505-20250519-128,True,False,None,0.0,Latina,41.4676,12.9037
2025-03-19 07:45:00,11.81683724,13,15,Bananas - Red Banana,SH1867,SDA Express Courier – OP-003,32.0,250,LOT202503-20250319-129,False,True,Medium,0.0,Roma,41.9028,12.4964
2025-03-27 11:58:00,11.0787581,10,13,Tomatoes - Roma,SH1800,BRT (Bartolini) – OP-008,20.0,220,LOT202503-20250327-130,True,False,None,0.0,Bologna,44.4949,11.3426
2025-03-16 23:39:00,1.121640804,0,4,Apples - Golden,SH1599,Schenker Italiana – OP-007,20.0,200,LOT202503-20250316-131,True,False,None,0.0,Palermo,38.1157,13.3615
2025-03-13 22:39:00,14.30843962,13,15,Bananas - Cavendish,SH1849,BRT (Bartolini) – OP-008,31.5,240,LOT202503-20250313-132,True,False,None,0.0,Milano,45.4642,9.19
2025-04-29 09:30:00,1.274037634,0,4,Apples - Fuji,SH1265,BCUBE – OP-006,21.0,205,LOT202504-20250429-133,True,False,None,0.0,Roma,41.9028,12.4964
2025-05-09 09:11:00,1.71818958,0,4,Apples - Evelina,SH1995,GLS Italy – OP-009,19.0,195,LOT202505-20250509-134,True,False,None,0.0,Napoli,40.8518,14.2681
2025-03-15 23:23:00,11.12726459,10,13,Tomatoes - Beefsteak,SH1529,Savino Del Bene – OP-005,19.0,215,LOT202503-20250315-135,True,False,None,0.0,Terni,42.5636,12.6427
2025-03-28 07:41:00,11.52528726,10,13,Tomatoes - San Marzano,SH1055,SDA Express Courier – OP-003,22.0,230,LOT202503-20250328-136,True,False,None,0.0,Napoli,40.8518,14.2681
2025-05-20 07:52:00,13.73585341,13,15,Bananas - Cavendish,SH1120,SDA Express Courier – OP-003,31.5,240,LOT202505-20250520-137,True,False,None,0.0,Bologna,44.4949,11.3426
2025-03-05 00:16:00,11.03155449,10,13,Tomatoes - Beefsteak,SH1215,FERCAM – OP-001,19.0,215,LOT202503-20250305-138,True,False,None,0.0,Prato,43.8777,11.1022
2025-03-26 07:24:00,2.244499135,1,4,Lettuce - Iceberg,SH1025,BRT (Bartolini) – OP-008,15.0,180,LOT202503-20250326-139,True,False,None,0.0,Torino,45.0703,7.6869
2025-04-17 20:36:00,11.0382986,10,13,Tomatoes - San Marzano,SH1072,Arcese Trasporti – OP-002,22.0,230,LOT202504-20250417-140,True,False,None,0.0,Andria,41.231,16.2973
2025-03-07 01:11:00,1.777615349,0,4,Apples - Evelina,SH1044,SDA Express Courier – OP-003,19.0,195,LOT202503-20250307-141,True,False,None,0.0,Lecce,40.3529,18.1743
2025-04-21 14:38:00,0.705405152,0,2,Strawberries - Elsanta,SH1247,BRT (Bartolini) – OP-008,28.0,250,LOT202504-20250421-142,True,False,None,0.0,Milano,45.4642,9.19
2025-04-27 14:50:00,1.120472744,0,4,Apples - Fuji,SH1721,BRT (Bartolini) – OP-008,21.0,205,LOT202504-20250427-143,True,False,None,0.0,Genova,44.4056,8.9463
2025-05-17 23:41:00,2.683379159,0,4,Apples - Red Delicious,SH1281,Italtrans – OP-004,18.0,198,LOT202505-20250517-144,True,False,None,0.0,Napoli,40.8518,14.2681
2025-04-29 09:53:00,11.91115324,10,13,Tomatoes - Beefsteak,SH1893,Italtrans – OP-004,19.0,215,LOT202504-20250429-145,True,False,None,0.0,Milano,45.4642,9.19
2025-03-22 07:47:00,2.033631908,0,4,Apples - Fuji,SH1914,Savino Del Bene – OP-005,21.0,205,LOT202503-20250322-146,True,False,None,0.0,Roma,41.9028,12.4964
2025-03-28 03:50:00,1.996965897,0,4,Apples - Red Delicious,SH1810,BCUBE – OP-006,18.0,198,LOT202503-20250328-147,True,False,None,0.0,Venezia,45.4408,12.3155
2025-05-29 20:50:00,3.333304856,0,2,Strawberries - Albion,SH1244,Savino Del Bene – OP-005,30.0,260,LOT202505-20250529-148,False,True,High,1.333304856,Bologna,44.4949,11.3426
2025-04-12 21:48:00,13.9981491,13,15,Bananas - Red Banana,SH1822,Schenker Italiana – OP-007,32.0,250,LOT202504-20250412-149,True,False,None,0.0,Roma,41.9028,12.4964
2025-04-27 13:19:00,13.98279763,13,15,Bananas - Plantain,SH1321,Arcese Trasporti – OP-002,33.0,260,LOT202504-20250427-150,True,False,None,0.0,Milano,45.4642,9.19
2025-03-27 23:07:00,1.975632776,0,4,Apples - Renetta,SH1643,Schenker Italiana – OP-007,20.5,210,LOT202503-20250327-151,True,False,None,0.0,Siracusa,37.0755,15.2866
2025-05-14 10:28:00,11.5233642,10,13,Tomatoes - San Marzano,SH1158,Amazon Italia Logistica – OP-010,22.0,230,LOT202505-20250514-152,True,False,None,0.0,Milano,45.4642,9.19
2025-03-04 22:15:00,1.758203712,1,4,Lettuce - Butterhead,SH1977,Schenker Italiana – OP-007,14.0,175,LOT202503-20250304-153,True,False,None,0.0,Roma,41.9028,12.4964
2025-04-01 03:39:00,14.91558126,13,15,Bananas - Plantain,SH1429,FERCAM – OP-001,33.0,260,LOT202504-20250401-154,True,False,None,0.0,Genova,44.4056,8.9463
2025-04-07 05:45:00,1.977028806,0,4,Apples - Golden,SH1941,Schenker Italiana – OP-007,20.0,200,LOT202504-20250407-155,True,False,None,0.0,Udine,46.0622,13.234
2025-04-06 04:18:00,1.20812176,0,2,Strawberries - Monterey,SH1462,Savino Del Bene – OP-005,29.0,255,LOT202504-20250406-156,True,False,None,0.0,Milano,45.4642,9.19
2025-03-11 14:11:00,13.74839512,13,15,Bananas - Plantain,SH1309,SDA Express Courier – OP-003,33.0,260,LOT202503-20250311-157,True,False,None,0.0,Trieste,45.6495,13.7768
2025-05-25 00:13:00,13.62779532,13,15,Bananas - Plantain,SH1697,SDA Express Courier – OP-003,33.0,260,LOT202505-20250525-158,True,False,None,0.0,Reggio Emilia,44.698,10.63
2025-03-01 08:46:00,3.138102935,0,4,Apples - Renetta,SH1060,Italtrans – OP-004,20.5,210,LOT202503-20250301-159,True,False,None,0.0,Milano,45.4642,9.19
2025-04-17 18:00:00,14.0413499,13,15,Bananas - Red Banana,SH1884,Arcese Trasporti – OP-002,32.0,250,LOT202504-20250417-160,True,False,None,0.0,Parma,44.8015,10.3279
2025-04-03 05:17:00,10.33355412,10,13,Tomatoes - San Marzano,SH1595,Arcese Trasporti – OP-002,22.0,230,LOT202504-20250403-161,True,False,None,0.0,Torino,45.0703,7.6869
2025-05-26 21:33:00,1.329311061,0,2,Strawberries - Elsanta,SH1767,FERCAM – OP-001,28.0,250,LOT202505-20250526-162,True,False,None,0.0,Messina,38.1938,15.554
2025-05-29 21:58:00,0.95565648,0,2,Strawberries - Elsanta,SH1649,Savino Del Bene – OP-005,28.0,250,LOT202505-20250529-163,True,False,None,0.0,Messina,38.1938,15.554
2025-03-09 00:16:00,1.567117162,0,4,Apples - Evelina,SH1650,Italtrans – OP-004,19.0,195,LOT202503-20250309-164,True,False,None,0.0,Firenze,43.7696,11.2558
2025-03-20 19:41:00,1.432761189,0,2,Strawberries - Elsanta,SH1865,Amazon Italia Logistica – OP-010,28.0,250,LOT202503-20250320-165,True,False,None,0.0,Roma,41.9028,12.4964
2025-04-24 22:03:00,13.90510751,13,15,Bananas - Cavendish,SH1668,Arcese Trasporti – OP-002,31.5,240,LOT202504-20250424-166,True,False,None,0.0,Salerno,40.6824,14.7681
2025-04-05 10:27:00,12.2322293,10,13,Tomatoes - Roma,SH1298,SDA Express Courier – OP-003,20.0,220,LOT202504-20250405-167,True,False,None,0.0,Napoli,40.8518,14.2681
2025-03-24 23:31:00,2.094597711,0,4,Apples - Renetta,SH1689,Schenker Italiana – OP-007,20.5,210,LOT202503-20250324-168,True,False,None,0.0,Roma,41.9028,12.4964
2025-03-07 01:12:00,1.274040055,0,4,Apples - Renetta,SH1314,Schenker Italiana – OP-007,20.5,210,LOT202503-20250307-169,True,False,None,0.0,Roma,41.9028,12.4964
2025-05-12 07:01:00,2.660450765,1,4,Lettuce - Iceberg,SH1310,Italtrans – OP-004,15.0,180,LOT202505-20250512-170,True,False,None,0.0,Catania,37.5079,15.083
2025-04-15 10:55:00,1.881133943,0,4,Apples - Red Delicious,SH1361,Savino Del Bene – OP-005,18.0,198,LOT202504-20250415-171,True,False,None,0.0,Taranto,40.4644,17.247
2025-04-21 21:44:00,11.85315813,10,13,Tomatoes - Cherry,SH1479,Savino Del Bene – OP-005,18.0,210,LOT202504-20250421-172,True,False,None,0.0,Roma,41.9028,12.4964
2025-05-24 13:47:00,14.02075796,13,15,Bananas - Red Banana,SH1110,BCUBE – OP-006,32.0,250,LOT202505-20250524-173,True,False,None,0.0,Bologna,44.4949,11.3426
2025-05-30 21:18:00,2.113447771,0,4,Apples - Renetta,SH1989,GLS Italy – OP-009,20.5,210,LOT202505-20250530-174,True,False,None,0.0,Milano,45.4642,9.19
2025-05-30 02:29:00,1.660336634,0,2,Strawberries - Monterey,SH1486,Arcese Trasporti – OP-002,29.0,255,LOT202505-20250530-175,True,False,None,0.0,Messina,38.1938,15.554
2025-03-04 13:09:00,11.08648791,10,13,Tomatoes - Cherry,SH1363,Savino Del Bene – OP-005,18.0,210,LOT202503-20250304-176,True,False,None,0.0,Roma,41.9028,12.4964
2025-05-24 06:12:00,1.545800326,0,4,Apples - Fuji,SH1254,SDA Express Courier – OP-003,21.0,205,LOT202505-20250524-177,True,False,None,0.0,Brescia,45.5416,10.2118
2025-04-04 05:08:00,2.122689551,1,4,Lettuce - Romaine,SH1259,Italtrans – OP-004,17.0,190,LOT202504-20250404-178,True,False,None,0.0,Torino,45.0703,7.6869
2025-05-09 22:57:00,11.65424785,10,13,Tomatoes - San Marzano,SH1802,Amazon Italia Logistica – OP-010,22.0,230,LOT202505-20250509-179,True,False,None,0.0,Terni,42.5636,12.6427
2025-04-07 22:15:00,10.33045264,10,13,Tomatoes - Beefsteak,SH1677,BCUBE – OP-006,19.0,215,LOT202504-20250407-180,True,False,None,0.0,Roma,41.9028,12.4964
2025-04-27 07:03:00,12.23193216,10,13,Tomatoes - Cherry,SH1494,BRT (Bartolini) – OP-008,18.0,210,LOT202504-20250427-181,True,False,None,0.0,Napoli,40.8518,14.2681
2025-05-25 14:34:00,1.421209691,0,2,Strawberries - San Andreas,SH1670,FERCAM – OP-001,31.0,265,LOT202505-20250525-182,True,False,None,0.0,Roma,41.9028,12.4964
2025-03-21 15:59:00,2.372714654,1,4,Lettuce - Iceberg,SH1377,Amazon Italia Logistica – OP-010,15.0,180,LOT202503-20250321-183,True,False,None,0.0,Forlì,44.2227,12.0407
2025-04-29 12:28:00,14.8143179,13,15,Bananas - Red Banana,SH1526,BRT (Bartolini) – OP-008,32.0,250,LOT202504-20250429-184,True,False,None,0.0,Giugliano in Campania,40.9287,14.1951
2025-04-11 17:52:00,11.65842209,10,13,Tomatoes - Cherry,SH1845,Schenker Italiana – OP-007,18.0,210,LOT202504-20250411-185,True,False,None,0.0,Milano,45.4642,9.19
2025-05-11 03:51:00,2.369573139,0,4,Apples - Fuji,SH1137,FERCAM – OP-001,21.0,205,LOT202505-20250511-186,True,False,None,0.0,Padova,45.4064,11.8768
2025-05-28 00:20:00,0.841238795,0,2,Strawberries - Albion,SH1355,Arcese Trasporti – OP-002,30.0,260,LOT202505-20250528-187,True,False,None,0.0,Foggia,41.4622,15.5446
2025-05-25 12:33:00,15.13062191,13,15,Bananas - Red Banana,SH1365,SDA Express Courier – OP-003,32.0,250,LOT202505-20250525-188,False,True,Medium,0.130621909,Bari,41.1171,16.8719
2025-03-19 11:09:00,12.12776448,10,13,Tomatoes - Beefsteak,SH1942,FERCAM – OP-001,19.0,215,LOT202503-20250319-189,True,False,None,0.0,Firenze,43.7696,11.2558
2025-03-21 20:15:00,1.334298147,0,4,Apples - Red Delicious,SH1749,GLS Italy – OP-009,18.0,198,LOT202503-20250321-190,True,False,None,0.0,Milano,45.4642,9.19
2025-03-21 03:29:00,0.368988077,0,2,Strawberries - Albion,SH1948,BRT (Bartolini) – OP-008,30.0,260,LOT202503-20250321-191,True,False,None,0.0,Roma,41.9028,12.4964
2025-04-27 20:29:00,2.164222594,0,4,Apples - Gala,SH1829,Arcese Trasporti – OP-002,19.5,202,LOT202504-20250427-192,True,False,None,0.0,Trento,46.07,11.119
2025-05-27 19:26:00,2.935409768,0,4,Apples - Red Delicious,SH1656,GLS Italy – OP-009,18.0,198,LOT202505-20250527-193,True,False,None,0.0,Trento,46.07,11.119
2025-04-13 02:06:00,2.278336643,0,4,Apples - Fuji,SH1199,Schenker Italiana – OP-007,21.0,205,LOT202504-20250413-194,True,False,None,0.0,Messina,38.1938,15.554
2025-05-14 01:41:00,11.98235317,10,13,Tomatoes - Roma,SH1213,GLS Italy – OP-009,20.0,220,LOT202505-20250514-195,True,False,None,0.0,Napoli,40.8518,14.2681
2025-03-19 03:43:00,1.99110133,0,4,Apples - Golden,SH1408,BCUBE – OP-006,20.0,200,LOT202503-20250319-196,True,False,None,0.0,Napoli,40.8518,14.2681
2025-03-05 06:34:00,1.116417174,0,4,Apples - Red Delicious,SH1332,BCUBE – OP-006,18.0,198,LOT202503-20250305-197,True,False,None,0.0,Parma,44.8015,10.3279
2025-03-16 03:24:00,2.138366014,0,4,Apples - Golden,SH1208,Italtrans – OP-004,20.0,200,LOT202503-20250316-198,True,False,None,0.0,Trento,46.07,11.119
2025-03-29 22:48:00,1.414275401,0,2,Strawberries - Monterey,SH1613,Amazon Italia Logistica – OP-010,29.0,255,LOT202503-20250329-199,True,False,None,0.0,Bergamo,45.6983,9.6773
2025-04-14 15:28:00,1.425730083,0,2,Strawberries - Albion,SH1078,Amazon Italia Logistica – OP-010,30.0,260,LOT202504-20250414-200,True,False,None,0.0,Ravenna,44.4184,12.2035
2025-04-05 13:15:00,11.14975697,10,13,Tomatoes - Beefsteak,SH1029,Arcese Trasporti – OP-002,19.0,215,LOT202504-20250405-201,True,False,None,0.0,Messina,38.1938,15.554
2025-03-15 07:01:00,11.42420793,10,13,Tomatoes - Roma,SH1535,Schenker Italiana – OP-007,20.0,220,LOT202503-20250315-202,True,False,None,0.0,Roma,41.9028,12.4964
2025-04-06 13:28:00,2.77228037,1,4,Lettuce - Lollo Rosso,SH1695,Savino Del Bene – OP-005,16.0,185,LOT202504-20250406-203,True,False,None,0.0,Roma,41.9028,12.4964
2025-03-21 21:27:00,1.955022941,0,4,Apples - Gala,SH1557,BCUBE – OP-006,19.5,202,LOT202503-20250321-204,True,False,None,0.0,Trento,46.07,11.119
2025-04-04 16:10:00,11.89995261,10,13,Tomatoes - Roma,SH1836,Arcese Trasporti – OP-002,20.0,220,LOT202504-20250404-205,True,False,None,0.0,Venezia,45.4408,12.3155
2025-03-23 21:41:00,14.51381401,13,15,Bananas - Plantain,SH1596,Savino Del Bene – OP-005,33.0,260,LOT202503-20250323-206,True,False,None,0.0,Roma,41.9028,12.4964
2025-04-18 02:58:00,11.68915649,10,13,Tomatoes - San Marzano,SH1165,Amazon Italia Logistica – OP-010,22.0,230,LOT202504-20250418-207,True,False,None,0.0,Roma,41.9028,12.4964
2025-04-02 01:27:00,2.227187675,1,4,Lettuce - Iceberg,SH1918,Italtrans – OP-004,15.0,180,LOT202504-20250402-208,True,False,None,0.0,Trieste,45.6495,13.7768
2025-04-22 07:04:00,1.549122092,0,2,Strawberries - Albion,SH1495,GLS Italy – OP-009,30.0,260,LOT202504-20250422-209,True,False,None,0.0,Roma,41.9028,12.4964
2025-03-31 03:28:00,2.693211908,1,4,Lettuce - Romaine,SH1824,BCUBE – OP-006,17.0,190,LOT202503-20250331-210,True,False,None,0.0,Roma,41.9028,12.4964
2025-03-28 10:19:00,11.42142194,10,13,Tomatoes - San Marzano,SH1065,Arcese Trasporti – OP-002,22.0,230,LOT202503-20250328-211,True,False,None,0.0,Firenze,43.7696,11.2558
2025-05-27 08:56:00,1.06560997,0,2,Strawberries - Albion,SH1141,FERCAM – OP-001,30.0,260,LOT202505-20250527-212,True,False,None,0.0,Brescia,45.5416,10.2118
2025-04-06 07:09:00,11.19909162,10,13,Tomatoes - San Marzano,SH1925,Savino Del Bene – OP-005,22.0,230,LOT202504-20250406-213,True,False,None,0.0,Padova,45.4064,11.8768
2025-03-27 18:39:00,0.213914258,0,2,Strawberries - Albion,SH1827,GLS Italy – OP-009,30.0,260,LOT202503-20250327-214,True,False,None,0.0,Milano,45.4642,9.19
2025-05-19 06:06:00,14.141114,13,15,Bananas - Plantain,SH1655,BCUBE – OP-006,33.0,260,LOT202505-20250519-215,True,False,None,0.0,Prato,43.8777,11.1022
2025-04-21 14:39:00,0.996509842,0,2,Strawberries - Albion,SH1331,Amazon Italia Logistica – OP-010,30.0,260,LOT202504-20250421-216,True,False,None,0.0,Milano,45.4642,9.19
2025-05-17 17:25:00,0.880781873,0,2,Strawberries - Elsanta,SH1664,Schenker Italiana – OP-007,28.0,250,LOT202505-20250517-217,True,False,None,0.0,Napoli,40.8518,14.2681
2025-05-06 04:37:00,11.66472862,10,13,Tomatoes - Roma,SH1249,Savino Del Bene – OP-005,20.0,220,LOT202505-20250506-218,True,False,None,0.0,Reggio Calabria,38.1112,15.6613
2025-05-06 21:47:00,11.43482467,10,13,Tomatoes - Roma,SH1907,Amazon Italia Logistica – OP-010,20.0,220,LOT202505-20250506-219,True,False,None,0.0,Padova,45.4064,11.8768
2025-04-03 21:07:00,2.383328106,0,4,Apples - Gala,SH1708,BCUBE – OP-006,19.5,202,LOT202504-20250403-220,True,False,None,0.0,Ferrara,44.8381,11.6198
2025-03-25 15:28:00,1.21156988,0,2,Strawberries - San Andreas,SH1305,Savino Del Bene – OP-005,31.0,265,LOT202503-20250325-221,True,False,None,0.0,Padova,45.4064,11.8768
2025-04-21 16:41:00,2.187046255,0,4,Apples - Red Delicious,SH1734,GLS Italy – OP-009,18.0,198,LOT202504-20250421-222,True,False,None,0.0,Bari,41.1171,16.8719
2025-04-21 20:23:00,11.3518003,10,13,Tomatoes - San Marzano,SH1975,BCUBE – OP-006,22.0,230,LOT202504-20250421-223,True,False,None,0.0,Roma,41.9028,12.4964
2025-03-16 13:51:00,11.68791138,10,13,Tomatoes - Roma,SH1049,BRT (Bartolini) – OP-008,20.0,220,LOT202503-20250316-224,True,False,None,0.0,Torino,45.0703,7.6869
2025-04-12 20:01:00,14.69012537,13,15,Bananas - Red Banana,SH1896,Arcese Trasporti – OP-002,32.0,250,LOT202504-20250412-225,True,False,None,0.0,Milano,45.4642,9.19
2025-04-14 02:03:00,11.5522065,10,13,Tomatoes - San Marzano,SH1002,GLS Italy – OP-009,22.0,230,LOT202504-20250414-226,True,False,None,0.0,Milano,45.4642,9.19
2025-05-25 05:20:00,2.466206724,1,4,Lettuce - Romaine,SH1544,Savino Del Bene – OP-005,17.0,190,LOT202505-20250525-227,True,False,None,0.0,Andria,41.231,16.2973
2025-04-04 03:13:00,0.369515033,0,2,Strawberries - Albion,SH1350,Schenker Italiana – OP-007,30.0,260,LOT202504-20250404-228,True,False,None,0.0,Torino,45.0703,7.6869
2025-03-05 10:08:00,2.380399474,0,4,Apples - Red Delicious,SH1904,Amazon Italia Logistica – OP-010,18.0,198,LOT202503-20250305-229,True,False,None,0.0,Bergamo,45.6983,9.6773
2025-03-20 01:04:00,11.32143399,10,13,Tomatoes - Beefsteak,SH1536,FERCAM – OP-001,19.0,215,LOT202503-20250320-230,True,False,None,0.0,Verona,45.4384,10.9916
2025-05-18 00:40:00,13.71808154,13,15,Bananas - Plantain,SH1344,Amazon Italia Logistica – OP-010,33.0,260,LOT202505-20250518-231,True,False,None,0.0,Livorno,43.5485,10.3106
2025-04-01 06:04:00,1.655450279,0,4,Apples - Renetta,SH1994,Savino Del Bene – OP-005,20.5,210,LOT202504-20250401-232,True,False,None,0.0,Bologna,44.4949,11.3426
2025-04-28 05:49:00,1.835743817,0,4,Apples - Renetta,SH1481,Amazon Italia Logistica – OP-010,20.5,210,LOT202504-20250428-233,True,False,None,0.0,Catania,37.5079,15.083
2025-05-30 22:56:00,2.554268846,1,4,Lettuce - Butterhead,SH1575,Arcese Trasporti – OP-002,14.0,175,LOT202505-20250530-234,True,False,None,0.0,Genova,44.4056,8.9463
2025-05-01 13:32:00,2.443106805,0,4,Apples - Gala,SH1033,BCUBE – OP-006,19.5,202,LOT202505-20250501-235,True,False,None,0.0,Milano,45.4642,9.19
2025-05-18 07:15:00,2.690286306,1,4,Lettuce - Butterhead,SH1031,FERCAM – OP-001,14.0,175,LOT202505-20250518-236,True,False,None,0.0,Parma,44.8015,10.3279
2025-04-09 13:45:00,0.982481008,0,4,Apples - Evelina,SH1231,SDA Express Courier – OP-003,19.0,195,LOT202504-20250409-237,True,False,None,0.0,Milano,45.4642,9.19
2025-04-04 18:29:00,12.13965284,10,13,Tomatoes - Cherry,SH1963,Savino Del Bene – OP-005,18.0,210,LOT202504-20250404-238,True,False,None,0.0,Roma,41.9028,12.4964
2025-04-06 08:06:00,2.217279222,0,4,Apples - Red Delicious,SH1192,Italtrans – OP-004,18.0,198,LOT202504-20250406-239,True,False,None,0.0,Messina,38.1938,15.554
2025-05-15 12:17:00,11.86897862,10,13,Tomatoes - Beefsteak,SH1333,SDA Express Courier – OP-003,19.0,215,LOT202505-20250515-240,True,False,None,0.0,Roma,41.9028,12.4964
2025-04-26 07:01:00,13.95130482,13,15,Bananas - Red Banana,SH1003,Amazon Italia Logistica – OP-010,32.0,250,LOT202504-20250426-241,True,False,None,0.0,Terni,42.5636,12.6427
2025-03-17 05:58:00,11.36542856,10,13,Tomatoes - Roma,SH1204,Savino Del Bene – OP-005,20.0,220,LOT202503-20250317-242,True,False,None,0.0,Piacenza,45.0528,9.6927
2025-05-08 07:53:00,2.009106456,0,4,Apples - Renetta,SH1514,BRT (Bartolini) – OP-008,20.5,210,LOT202505-20250508-243,True,False,None,0.0,Pescara,42.4643,14.2142
2025-04-05 07:41:00,1.323231991,0,2,Strawberries - Monterey,SH1799,Italtrans – OP-004,29.0,255,LOT202504-20250405-244,True,False,None,0.0,Torino,45.0703,7.6869
2025-04-22 16:57:00,10.92169471,10,13,Tomatoes - San Marzano,SH1306,FERCAM – OP-001,22.0,230,LOT202504-20250422-245,True,False,None,0.0,Roma,41.9028,12.4964
2025-04-26 21:05:00,2.564795396,0,4,Apples - Golden,SH1109,Schenker Italiana – OP-007,20.0,200,LOT202504-20250426-246,True,False,None,0.0,Vicenza,45.5455,11.5354
2025-05-28 06:38:00,2.466769609,1,4,Lettuce - Butterhead,SH1430,BRT (Bartolini) – OP-008,14.0,175,LOT202505-20250528-247,True,False,None,0.0,Palermo,38.1157,13.3615
2025-04-17 14:57:00,13.6802023,13,15,Bananas - Cavendish,SH1077,SDA Express Courier – OP-003,31.5,240,LOT202504-20250417-248,True,False,None,0.0,Lecce,40.3529,18.1743
2025-04-15 14:01:00,11.06045522,10,13,Tomatoes - San Marzano,SH1084,BCUBE – OP-006,22.0,230,LOT202504-20250415-249,True,False,None,0.0,Lecce,40.3529,18.1743
2025-03-07 07:18:00,11.73265054,10,13,Tomatoes - Beefsteak,SH1286,Arcese Trasporti – OP-002,19.0,215,LOT202503-20250307-250,True,False,None,0.0,Sassari,40.7259,8.5555
2025-03-18 08:43:00,2.131313653,1,4,Lettuce - Butterhead,SH1082,Schenker Italiana – OP-007,14.0,175,LOT202503-20250318-251,True,False,None,0.0,Napoli,40.8518,14.2681
2025-04-13 14:08:00,2.347586145,0,4,Apples - Golden,SH1991,BRT (Bartolini) – OP-008,20.0,200,LOT202504-20250413-252,True,False,None,0.0,Torino,45.0703,7.6869
2025-04-05 10:47:00,1.360602106,0,2,Strawberries - Albion,SH1789,BCUBE – OP-006,30.0,260,LOT202504-20250405-253,True,False,None,0.0,Ferrara,44.8381,11.6198
2025-04-19 17:46:00,10.22739875,10,13,Tomatoes - Roma,SH1894,BCUBE – OP-006,20.0,220,LOT202504-20250419-254,True,False,None,0.0,Napoli,40.8518,14.2681
2025-04-10 01:00:00,11.09927315,10,13,Tomatoes - Beefsteak,SH1398,Savino Del Bene – OP-005,19.0,215,LOT202504-20250410-255,True,False,None,0.0,Roma,41.9028,12.4964
2025-05-12 11:46:00,0.151966552,0,2,Strawberries - San Andreas,SH1323,BRT (Bartolini) – OP-008,31.0,265,LOT202505-20250512-256,True,False,None,0.0,Bari,41.1171,16.8719
2025-04-04 13:46:00,0.577049735,0,2,Strawberries - San Andreas,SH1519,FERCAM – OP-001,31.0,265,LOT202504-20250404-257,True,False,None,0.0,Terni,42.5636,12.6427
2025-03-02 08:05:00,11.69548596,10,13,Tomatoes - San Marzano,SH1916,Amazon Italia Logistica – OP-010,22.0,230,LOT202503-20250302-258,True,False,None,0.0,Brescia,45.5416,10.2118
2025-04-28 07:36:00,1.73619482,0,4,Apples - Golden,SH1922,Italtrans – OP-004,20.0,200,LOT202504-20250428-259,True,False,None,0.0,Bari,41.1171,16.8719
2025-05-13 01:41:00,14.25498473,13,15,Bananas - Cavendish,SH1005,Italtrans – OP-004,31.5,240,LOT202505-20250513-260,True,False,None,0.0,Roma,41.9028,12.4964
2025-05-21 19:52:00,1.635144471,0,4,Apples - Fuji,SH1731,SDA Express Courier – OP-003,21.0,205,LOT202505-20250521-261,True,False,None,0.0,Verona,45.4384,10.9916
2025-05-30 13:26:00,2.771521631,0,4,Apples - Evelina,SH1465,SDA Express Courier – OP-003,19.0,195,LOT202505-20250530-262,True,False,None,0.0,Novara,45.4459,8.6222
2025-05-26 21:50:00,1.602699788,0,4,Apples - Golden,SH1097,Italtrans – OP-004,20.0,200,LOT202505-20250526-263,True,False,None,0.0,Roma,41.9028,12.4964
2025-03-19 01:35:00,2.887713193,1,4,Lettuce - Lollo Rosso,SH1266,FERCAM – OP-001,16.0,185,LOT202503-20250319-264,True,False,None,0.0,Bologna,44.4949,11.3426
2025-03-24 03:20:00,2.100646271,0,4,Apples - Red Delicious,SH1357,Arcese Trasporti – OP-002,18.0,198,LOT202503-20250324-265,True,False,None,0.0,Giugliano in Campania,40.9287,14.1951
2025-04-15 01:21:00,14.55403277,13,15,Bananas - Plantain,SH1868,GLS Italy – OP-009,33.0,260,LOT202504-20250415-266,True,False,None,0.0,Modena,44.6471,10.9252
2025-05-03 01:47:00,12.94196052,10,13,Tomatoes - Cherry,SH1798,Amazon Italia Logistica – OP-010,18.0,210,LOT202505-20250503-267,True,False,None,0.0,Brescia,45.5416,10.2118
2025-05-23 09:11:00,13.6860125,13,15,Bananas - Cavendish,SH1380,Arcese Trasporti – OP-002,31.5,240,LOT202505-20250523-268,True,False,None,0.0,Brescia,45.5416,10.2118
2025-05-10 23:35:00,17.78648781,13,15,Bananas - Red Banana,SH1631,Savino Del Bene – OP-005,32.0,250,LOT202505-20250510-269,False,True,High,2.786487808,Torino,45.0703,7.6869
2025-03-19 06:09:00,2.383392493,0,4,Apples - Evelina,SH1381,GLS Italy – OP-009,19.0,195,LOT202503-20250319-270,True,False,None,0.0,Napoli,40.8518,14.2681
2025-05-29 11:39:00,12.40706875,10,13,Tomatoes - Roma,SH1490,GLS Italy – OP-009,20.0,220,LOT202505-20250529-271,True,False,None,0.0,Cagliari,39.2238,9.1217
2025-03-03 08:29:00,1.067783253,0,2,Strawberries - San Andreas,SH1118,BRT (Bartolini) – OP-008,31.0,265,LOT202503-20250303-272,True,False,None,0.0,Cagliari,39.2238,9.1217
2025-03-18 20:03:00,11.91161555,10,13,Tomatoes - Beefsteak,SH1900,FERCAM – OP-001,19.0,215,LOT202503-20250318-273,True,False,None,0.0,Latina,41.4676,12.9037
2025-03-10 11:09:00,11.35979214,10,13,Tomatoes - Roma,SH1250,FERCAM – OP-001,20.0,220,LOT202503-20250310-274,True,False,None,0.0,Pescara,42.4643,14.2142
2025-04-12 17:50:00,1.387977491,0,4,Apples - Golden,SH1523,GLS Italy – OP-009,20.0,200,LOT202504-20250412-275,True,False,None,0.0,Bologna,44.4949,11.3426
2025-03-18 05:46:00,1.210008105,0,2,Strawberries - Elsanta,SH1009,BRT (Bartolini) – OP-008,28.0,250,LOT202503-20250318-276,True,False,None,0.0,Bologna,44.4949,11.3426
2025-05-09 22:54:00,14.08430611,13,15,Bananas - Plantain,SH1196,Amazon Italia Logistica – OP-010,33.0,260,LOT202505-20250509-277,True,False,None,0.0,Livorno,43.5485,10.3106
2025-03-19 11:50:00,1.739969831,0,4,Apples - Red Delicious,SH1603,GLS Italy – OP-009,18.0,198,LOT202503-20250319-278,True,False,None,0.0,Padova,45.4064,11.8768
2025-05-08 14:02:00,-1.140147154,0,4,Apples - Golden,SH1081,Schenker Italiana – OP-007,20.0,200,LOT202505-20250508-279,False,True,High,0.0,Brescia,45.5416,10.2118
2025-04-02 01:23:00,12.35731427,10,13,Tomatoes - Cherry,SH1783,SDA Express Courier – OP-003,18.0,210,LOT202504-20250402-280,True,False,None,0.0,Livorno,43.5485,10.3106
2025-05-08 09:51:00,2.40357019,0,4,Apples - Gala,SH1587,SDA Express Courier – OP-003,19.5,202,LOT202505-20250508-281,True,False,None,0.0,Bergamo,45.6983,9.6773
2025-04-16 03:15:00,10.90031621,10,13,Tomatoes - San Marzano,SH1797,Arcese Trasporti – OP-002,22.0,230,LOT202504-20250416-282,True,False,None,0.0,Napoli,40.8518,14.2681
2025-03-09 02:13:00,0.066029415,0,2,Strawberries - San Andreas,SH1239,Savino Del Bene – OP-005,31.0,265,LOT202503-20250309-283,True,False,None,0.0,Torino,45.0703,7.6869
2025-03-20 10:01:00,1.60974506,0,4,Apples - Red Delicious,SH1290,SDA Express Courier – OP-003,18.0,198,LOT202503-20250320-284,True,False,None,0.0,Roma,41.9028,12.4964
2025-04-26 21:41:00,0.483541377,0,2,Strawberries - Monterey,SH1211,BCUBE – OP-006,29.0,255,LOT202504-20250426-285,True,False,None,0.0,Catania,37.5079,15.083
2025-04-21 11:37:00,2.243422191,1,4,Lettuce - Lollo Rosso,SH1717,Arcese Trasporti – OP-002,16.0,185,LOT202504-20250421-286,True,False,None,0.0,Roma,41.9028,12.4964
2025-03-24 09:02:00,0.921619831,0,2,Strawberries - Monterey,SH1359,SDA Express Courier – OP-003,29.0,255,LOT202503-20250324-287,True,False,None,0.0,Genova,44.4056,8.9463
2025-05-08 14:58:00,1.557440129,0,4,Apples - Fuji,SH1449,Savino Del Bene – OP-005,21.0,205,LOT202505-20250508-288,True,False,None,0.0,Firenze,43.7696,11.2558
2025-04-09 04:46:00,14.38936715,13,15,Bananas - Red Banana,SH1227,FERCAM – OP-001,32.0,250,LOT202504-20250409-289,True,False,None,0.0,Milano,45.4642,9.19
2025-03-15 18:48:00,2.208835097,0,4,Apples - Fuji,SH1950,FERCAM – OP-001,21.0,205,LOT202503-20250315-290,True,False,None,0.0,Catania,37.5079,15.083
2025-05-25 02:35:00,1.290835611,0,4,Apples - Golden,SH1946,Amazon Italia Logistica – OP-010,20.0,200,LOT202505-20250525-291,True,False,None,0.0,Roma,41.9028,12.4964
2025-05-06 00:41:00,8.752702576,10,13,Tomatoes - Cherry,SH1796,GLS Italy – OP-009,18.0,210,LOT202505-20250506-292,False,True,High,0.0,Roma,41.9028,12.4964
2025-03-26 14:37:00,2.169502147,0,4,Apples - Fuji,SH1501,Schenker Italiana – OP-007,21.0,205,LOT202503-20250326-293,True,False,None,0.0,Foggia,41.4622,15.5446
2025-05-17 11:22:00,2.459782271,0,4,Apples - Gala,SH1464,FERCAM – OP-001,19.5,202,LOT202505-20250517-294,True,False,None,0.0,Torino,45.0703,7.6869
2025-03-11 15:13:00,0.705722864,0,2,Strawberries - Albion,SH1362,BRT (Bartolini) – OP-008,30.0,260,LOT202503-20250311-295,True,False,None,0.0,Roma,41.9028,12.4964
2025-04-26 04:05:00,0.942245088,0,2,Strawberries - San Andreas,SH1468,SDA Express Courier – OP-003,31.0,265,LOT202504-20250426-296,True,False,None,0.0,Bologna,44.4949,11.3426
2025-04-20 11:55:00,14.21392288,13,15,Bananas - Red Banana,SH1935,BRT (Bartolini) – OP-008,32.0,250,LOT202504-20250420-297,True,False,None,0.0,Perugia,43.1107,12.3908
2025-03-08 04:06:00,0.651220031,0,2,Strawberries - Monterey,SH1428,Savino Del Bene – OP-005,29.0,255,LOT202503-20250308-298,True,False,None,0.0,Milano,45.4642,9.19
2025-05-16 10:51:00,2.103011864,0,4,Apples - Evelina,SH1007,FERCAM – OP-001,19.0,195,LOT202505-20250516-299,True,False,None,0.0,Verona,45.4384,10.9916
2025-05-27 09:16:00,0.889072519,0,2,Strawberries - San Andreas,SH1155,Schenker Italiana – OP-007,31.0,265,LOT202505-20250527-300,True,False,None,0.0,Roma,41.9028,12.4964
2025-03-02 02:00:00,2.101015413,0,4,Apples - Renetta,SH1541,Savino Del Bene – OP-005,20.5,210,LOT202503-20250302-301,True,False,None,0.0,Roma,41.9028,12.4964
2025-04-24 23:08:00,11.07194779,13,15,Bananas - Red Banana,SH1440,BCUBE – OP-006,32.0,250,LOT202504-20250424-302,False,True,Medium,0.0,Firenze,43.7696,11.2558
2025-04-27 18:26:00,11.31186515,10,13,Tomatoes - Beefsteak,SH1482,BCUBE – OP-006,19.0,215,LOT202504-20250427-303,True,False,None,0.0,Firenze,43.7696,11.2558
2025-03-19 13:45:00,11.06610416,10,13,Tomatoes - Beefsteak,SH1422,BRT (Bartolini) – OP-008,19.0,215,LOT202503-20250319-304,True,False,None,0.0,Messina,38.1938,15.554
2025-03-23 03:30:00,2.471229988,1,4,Lettuce - Butterhead,SH1778,GLS Italy – OP-009,14.0,175,LOT202503-20250323-305,True,False,None,0.0,Parma,44.8015,10.3279
2025-03-14 21:42:00,13.99445294,13,15,Bananas - Plantain,SH1949,Arcese Trasporti – OP-002,33.0,260,LOT202503-20250314-306,True,False,None,0.0,Arezzo,43.4633,11.8825
2025-05-25 20:29:00,10.74355984,10,13,Tomatoes - Cherry,SH1334,GLS Italy – OP-009,18.0,210,LOT202505-20250525-307,True,False,None,0.0,Bologna,44.4949,11.3426
2025-04-06 12:19:00,0.709606196,0,4,Apples - Renetta,SH1576,Amazon Italia Logistica – OP-010,20.5,210,LOT202504-20250406-308,True,False,None,0.0,Napoli,40.8518,14.2681
2025-04-18 19:56:00,1.767086063,0,4,Apples - Renetta,SH1934,GLS Italy – OP-009,20.5,210,LOT202504-20250418-309,True,False,None,0.0,Livorno,43.5485,10.3106
2025-04-28 05:27:00,2.314274017,0,4,Apples - Fuji,SH1567,Amazon Italia Logistica – OP-010,21.0,205,LOT202504-20250428-310,True,False,None,0.0,Milano,45.4642,9.19
2025-03-20 17:00:00,0.374078391,0,2,Strawberries - Elsanta,SH1594,Amazon Italia Logistica – OP-010,28.0,250,LOT202503-20250320-311,True,False,None,0.0,Palermo,38.1157,13.3615
2025-05-16 12:38:00,13.75503117,13,15,Bananas - Plantain,SH1530,Schenker Italiana – OP-007,33.0,260,LOT202505-20250516-312,True,False,None,0.0,Roma,41.9028,12.4964
2025-03-02 15:16:00,13.97148536,13,15,Bananas - Red Banana,SH1581,FERCAM – OP-001,32.0,250,LOT202503-20250302-313,True,False,None,0.0,Roma,41.9028,12.4964
2025-04-18 20:06:00,1.762875345,0,4,Apples - Red Delicious,SH1707,Schenker Italiana – OP-007,18.0,198,LOT202504-20250418-314,True,False,None,0.0,Lecce,40.3529,18.1743
2025-05-04 04:47:00,1.628150879,0,4,Apples - Evelina,SH1448,Amazon Italia Logistica – OP-010,19.0,195,LOT202505-20250504-315,True,False,None,0.0,Salerno,40.6824,14.7681
2025-05-19 20:34:00,2.763278595,0,4,Apples - Evelina,SH1453,Savino Del Bene – OP-005,19.0,195,LOT202505-20250519-316,True,False,None,0.0,Brescia,45.5416,10.2118
2025-05-02 10:19:00,2.543925271,1,4,Lettuce - Butterhead,SH1228,BCUBE – OP-006,14.0,175,LOT202505-20250502-317,True,False,None,0.0,Torino,45.0703,7.6869
2025-03-14 22:09:00,11.42794618,10,13,Tomatoes - San Marzano,SH1352,Amazon Italia Logistica – OP-010,22.0,230,LOT202503-20250314-318,True,False,None,0.0,Roma,41.9028,12.4964
2025-04-22 13:57:00,1.488208435,0,4,Apples - Gala,SH1728,Schenker Italiana – OP-007,19.5,202,LOT202504-20250422-319,True,False,None,0.0,Roma,41.9028,12.4964
2025-05-13 04:01:00,1.303490726,0,2,Strawberries - San Andreas,SH1212,Savino Del Bene – OP-005,31.0,265,LOT202505-20250513-320,True,False,None,0.0,Milano,45.4642,9.19
2025-03-12 04:02:00,-1.458160027,0,2,Strawberries - Albion,SH1079,Schenker Italiana – OP-007,30.0,260,LOT202503-20250312-321,False,True,Medium,0.0,Firenze,43.7696,11.2558
2025-03-01 11:01:00,2.04023535,0,2,Strawberries - San Andreas,SH1148,GLS Italy – OP-009,31.0,265,LOT202503-20250301-322,False,True,High,0.04023535,Prato,43.8777,11.1022
2025-03-26 23:32:00,10.6610474,10,13,Tomatoes - San Marzano,SH1302,SDA Express Courier – OP-003,22.0,230,LOT202503-20250326-323,True,False,None,0.0,Padova,45.4064,11.8768
2025-05-19 04:15:00,0.566856095,0,2,Strawberries - San Andreas,SH1628,BRT (Bartolini) – OP-008,31.0,265,LOT202505-20250519-324,True,False,None,0.0,Milano,45.4642,9.19
2025-05-25 13:11:00,0.505802789,0,2,Strawberries - Monterey,SH1777,Arcese Trasporti – OP-002,29.0,255,LOT202505-20250525-325,True,False,None,0.0,Piacenza,45.0528,9.6927
2025-03-03 00:40:00,2.345374897,1,4,Lettuce - Romaine,SH1506,Schenker Italiana – OP-007,17.0,190,LOT202503-20250303-326,True,False,None,0.0,Modena,44.6471,10.9252
2025-05-03 07:54:00,11.68538417,10,13,Tomatoes - Cherry,SH1342,Arcese Trasporti – OP-002,18.0,210,LOT202505-20250503-327,True,False,None,0.0,Bari,41.1171,16.8719
2025-05-19 09:06:00,12.02131475,10,13,Tomatoes - Beefsteak,SH1485,Italtrans – OP-004,19.0,215,LOT202505-20250519-328,True,False,None,0.0,Venezia,45.4408,12.3155
2025-04-11 21:15:00,2.623722858,1,4,Lettuce - Butterhead,SH1711,Schenker Italiana – OP-007,14.0,175,LOT202504-20250411-329,True,False,None,0.0,Palermo,38.1157,13.3615
2025-04-25 06:01:00,13.78872328,13,15,Bananas - Plantain,SH1133,SDA Express Courier – OP-003,33.0,260,LOT202504-20250425-330,True,False,None,0.0,Milano,45.4642,9.19
2025-03-07 05:06:00,2.183098757,0,4,Apples - Red Delicious,SH1703,Arcese Trasporti – OP-002,18.0,198,LOT202503-20250307-331,True,False,None,0.0,Torino,45.0703,7.6869
2025-05-05 10:42:00,2.376581969,0,4,Apples - Renetta,SH1311,Amazon Italia Logistica – OP-010,20.5,210,LOT202505-20250505-332,True,False,None,0.0,Reggio Emilia,44.698,10.63
2025-04-01 14:20:00,10.83385371,10,13,Tomatoes - Cherry,SH1722,Schenker Italiana – OP-007,18.0,210,LOT202504-20250401-333,True,False,None,0.0,Roma,41.9028,12.4964
2025-05-12 14:20:00,11.02856941,10,13,Tomatoes - San Marzano,SH1629,FERCAM – OP-001,22.0,230,LOT202505-20250512-334,True,False,None,0.0,Roma,41.9028,12.4964
2025-03-12 07:49:00,11.89817667,10,13,Tomatoes - Cherry,SH1000,BRT (Bartolini) – OP-008,18.0,210,LOT202503-20250312-335,True,False,None,0.0,Roma,41.9028,12.4964
2025-04-08 08:30:00,10.26324402,10,13,Tomatoes - Beefsteak,SH1316,SDA Express Courier – OP-003,19.0,215,LOT202504-20250408-336,True,False,None,0.0,Roma,41.9028,12.4964
2025-05-17 15:42:00,1.174676868,0,4,Apples - Red Delicious,SH1706,Arcese Trasporti – OP-002,18.0,198,LOT202505-20250517-337,True,False,None,0.0,Sassari,40.7259,8.5555
2025-05-08 12:16:00,13.32178949,13,15,Bananas - Red Banana,SH1547,SDA Express Courier – OP-003,32.0,250,LOT202505-20250508-338,True,False,None,0.0,Prato,43.8777,11.1022
2025-05-25 23:02:00,1.953416323,0,4,Apples - Evelina,SH1872,Savino Del Bene – OP-005,19.0,195,LOT202505-20250525-339,True,False,None,0.0,Genova,44.4056,8.9463
2025-03-21 20:27:00,1.712295046,0,4,Apples - Renetta,SH1532,BRT (Bartolini) – OP-008,20.5,210,LOT202503-20250321-340,True,False,None,0.0,Roma,41.9028,12.4964
2025-05-28 00:48:00,10.52577537,10,13,Tomatoes - San Marzano,SH1477,Amazon Italia Logistica – OP-010,22.0,230,LOT202505-20250528-341,True,False,None,0.0,Genova,44.4056,8.9463
2025-04-20 09:01:00,2.674954857,1,4,Lettuce - Iceberg,SH1404,Schenker Italiana – OP-007,15.0,180,LOT202504-20250420-342,True,False,None,0.0,Genova,44.4056,8.9463
2025-05-18 00:20:00,1.390618816,0,4,Apples - Evelina,SH1172,Schenker Italiana – OP-007,19.0,195,LOT202505-20250518-343,True,False,None,0.0,Roma,41.9028,12.4964
2025-05-19 18:06:00,11.32590507,10,13,Tomatoes - Cherry,SH1125,Schenker Italiana – OP-007,18.0,210,LOT202505-20250519-344,True,False,None,0.0,Palermo,38.1157,13.3615
2025-04-11 04:41:00,11.78352507,10,13,Tomatoes - San Marzano,SH1394,BRT (Bartolini) – OP-008,22.0,230,LOT202504-20250411-345,True,False,None,0.0,Torino,45.0703,7.6869
2025-03-01 15:56:00,2.027887737,0,4,Apples - Golden,SH1420,FERCAM – OP-001,20.0,200,LOT202503-20250301-346,True,False,None,0.0,Verona,45.4384,10.9916
2025-05-09 16:55:00,3.048377551,0,2,Strawberries - San Andreas,SH1552,Italtrans – OP-004,31.0,265,LOT202505-20250509-347,False,True,Medium,1.048377551,Messina,38.1938,15.554
2025-04-21 11:31:00,2.502106404,0,4,Apples - Gala,SH1903,BCUBE – OP-006,19.5,202,LOT202504-20250421-348,True,False,None,0.0,Roma,41.9028,12.4964
2025-04-03 06:28:00,1.980314758,0,4,Apples - Gala,SH1090,GLS Italy – OP-009,19.5,202,LOT202504-20250403-349,True,False,None,0.0,Torino,45.0703,7.6869
2025-04-24 09:39:00,13.96372906,13,15,Bananas - Cavendish,SH1939,Arcese Trasporti – OP-002,31.5,240,LOT202504-20250424-350,True,False,None,0.0,Verona,45.4384,10.9916
2025-05-27 06:19:00,12.38446113,10,13,Tomatoes - Beefsteak,SH1181,FERCAM – OP-001,19.0,215,LOT202505-20250527-351,True,False,None,0.0,Bologna,44.4949,11.3426
2025-03-19 00:43:00,14.6129779,13,15,Bananas - Plantain,SH1274,Amazon Italia Logistica – OP-010,33.0,260,LOT202503-20250319-352,True,False,None,0.0,Sassari,40.7259,8.5555
2025-05-10 15:57:00,1.564174932,0,4,Apples - Evelina,SH1895,Arcese Trasporti – OP-002,19.0,195,LOT202505-20250510-353,True,False,None,0.0,Padova,45.4064,11.8768
2025-03-28 09:23:00,11.47038801,10,13,Tomatoes - Cherry,SH1069,Schenker Italiana – OP-007,18.0,210,LOT202503-20250328-354,True,False,None,0.0,Roma,41.9028,12.4964
2025-05-08 22:19:00,-1.465446534,1,4,Lettuce - Butterhead,SH1291,SDA Express Courier – OP-003,14.0,175,LOT202505-20250508-355,False,True,Medium,0.0,Roma,41.9028,12.4964
2025-03-28 03:03:00,14.29496439,13,15,Bananas - Plantain,SH1131,Amazon Italia Logistica – OP-010,33.0,260,LOT202503-20250328-356,True,False,None,0.0,Messina,38.1938,15.554
2025-05-19 07:45:00,0.88179328,0,2,Strawberries - Albion,SH1300,Arcese Trasporti – OP-002,30.0,260,LOT202505-20250519-357,True,False,None,0.0,Roma,41.9028,12.4964
2025-05-20 20:00:00,0.380403133,0,2,Strawberries - San Andreas,SH1424,Schenker Italiana – OP-007,31.0,265,LOT202505-20250520-358,True,False,None,0.0,Catania,37.5079,15.083
2025-04-26 02:58:00,2.049112197,0,4,Apples - Red Delicious,SH1326,Arcese Trasporti – OP-002,18.0,198,LOT202504-20250426-359,True,False,None,0.0,Terni,42.5636,12.6427
2025-03-04 06:23:00,11.55043418,10,13,Tomatoes - San Marzano,SH1144,SDA Express Courier – OP-003,22.0,230,LOT202503-20250304-360,True,False,None,0.0,Catania,37.5079,15.083
2025-04-15 05:28:00,-0.545760282,0,2,Strawberries - San Andreas,SH1423,Schenker Italiana – OP-007,31.0,265,LOT202504-20250415-361,False,True,Medium,0.0,Torino,45.0703,7.6869
2025-04-20 01:39:00,2.096972975,0,4,Apples - Fuji,SH1580,Italtrans – OP-004,21.0,205,LOT202504-20250420-362,True,False,None,0.0,Messina,38.1938,15.554
2025-03-18 22:49:00,13.191746,13,15,Bananas - Plantain,SH1135,FERCAM – OP-001,33.0,260,LOT202503-20250318-363,True,False,None,0.0,Genova,44.4056,8.9463
2025-03-23 03:00:00,14.42711358,13,15,Bananas - Red Banana,SH1450,Savino Del Bene – OP-005,32.0,250,LOT202503-20250323-364,True,False,None,0.0,Firenze,43.7696,11.2558
2025-03-22 22:25:00,2.493312603,1,4,Lettuce - Lollo Rosso,SH1164,GLS Italy – OP-009,16.0,185,LOT202503-20250322-365,True,False,None,0.0,Terni,42.5636,12.6427
2025-03-16 06:55:00,11.45716168,10,13,Tomatoes - Beefsteak,SH1028,BRT (Bartolini) – OP-008,19.0,215,LOT202503-20250316-366,True,False,None,0.0,Torino,45.0703,7.6869
2025-04-23 20:19:00,14.13705814,13,15,Bananas - Cavendish,SH1773,GLS Italy – OP-009,31.5,240,LOT202504-20250423-367,True,False,None,0.0,Lecce,40.3529,18.1743
2025-03-31 06:25:00,1.932412128,0,4,Apples - Red Delicious,SH1193,Amazon Italia Logistica – OP-010,18.0,198,LOT202503-20250331-368,True,False,None,0.0,Siracusa,37.0755,15.2866
2025-03-19 17:18:00,13.29537353,13,15,Bananas - Cavendish,SH1388,GLS Italy – OP-009,31.5,240,LOT202503-20250319-369,True,False,None,0.0,Milano,45.4642,9.19
2025-03-19 01:37:00,14.44018716,13,15,Bananas - Plantain,SH1852,Schenker Italiana – OP-007,33.0,260,LOT202503-20250319-370,True,False,None,0.0,Roma,41.9028,12.4964
2025-04-23 06:27:00,14.20661583,13,15,Bananas - Cavendish,SH1169,Italtrans – OP-004,31.5,240,LOT202504-20250423-371,True,False,None,0.0,Roma,41.9028,12.4964
2025-05-26 13:57:00,1.872363081,0,4,Apples - Golden,SH1705,Savino Del Bene – OP-005,20.0,200,LOT202505-20250526-372,True,False,None,0.0,Roma,41.9028,12.4964
2025-04-01 11:50:00,2.824485197,1,4,Lettuce - Iceberg,SH1140,FERCAM – OP-001,15.0,180,LOT202504-20250401-373,True,False,None,0.0,Roma,41.9028,12.4964
2025-03-09 11:21:00,12.01342701,10,13,Tomatoes - Cherry,SH1173,FERCAM – OP-001,18.0,210,LOT202503-20250309-374,True,False,None,0.0,Taranto,40.4644,17.247
2025-03-21 10:26:00,15.01078224,13,15,Bananas - Plantain,SH1006,SDA Express Courier – OP-003,33.0,260,LOT202503-20250321-375,False,True,Medium,0.01078224,Roma,41.9028,12.4964
2025-03-13 08:18:00,11.97834079,10,13,Tomatoes - Roma,SH1745,BRT (Bartolini) – OP-008,20.0,220,LOT202503-20250313-376,True,False,None,0.0,Napoli,40.8518,14.2681
2025-04-01 10:01:00,13.07252873,13,15,Bananas - Red Banana,SH1478,Arcese Trasporti – OP-002,32.0,250,LOT202504-20250401-377,True,False,None,0.0,Ferrara,44.8381,11.6198
2025-03-30 07:49:00,11.15269196,10,13,Tomatoes - Roma,SH1073,Italtrans – OP-004,20.0,220,LOT202503-20250330-378,True,False,None,0.0,Roma,41.9028,12.4964
2025-04-30 04:12:00,11.83224037,10,13,Tomatoes - Roma,SH1910,Arcese Trasporti – OP-002,20.0,220,LOT202504-20250430-379,True,False,None,0.0,Foggia,41.4622,15.5446
2025-05-29 01:47:00,11.67207658,10,13,Tomatoes - Beefsteak,SH1813,Savino Del Bene – OP-005,19.0,215,LOT202505-20250529-380,True,False,None,0.0,Milano,45.4642,9.19
2025-05-22 05:22:00,13.01529871,13,15,Bananas - Plantain,SH1238,GLS Italy – OP-009,33.0,260,LOT202505-20250522-381,True,False,None,0.0,Roma,41.9028,12.4964
2025-04-03 14:04:00,13.62272168,13,15,Bananas - Cavendish,SH1145,FERCAM – OP-001,31.5,240,LOT202504-20250403-382,True,False,None,0.0,Brescia,45.5416,10.2118
2025-05-08 15:13:00,13.21169222,13,15,Bananas - Cavendish,SH1792,Savino Del Bene – OP-005,31.5,240,LOT202505-20250508-383,True,False,None,0.0,Verona,45.4384,10.9916
2025-05-27 20:23:00,13.89103395,13,15,Bananas - Red Banana,SH1234,GLS Italy – OP-009,32.0,250,LOT202505-20250527-384,True,False,None,0.0,Giugliano in Campania,40.9287,14.1951
2025-05-29 14:44:00,2.948764328,1,4,Lettuce - Lollo Rosso,SH1220,FERCAM – OP-001,16.0,185,LOT202505-20250529-385,True,False,None,0.0,Modena,44.6471,10.9252
2025-04-28 22:38:00,2.751606993,1,4,Lettuce - Lollo Rosso,SH1923,GLS Italy – OP-009,16.0,185,LOT202504-20250428-386,True,False,None,0.0,Cagliari,39.2238,9.1217
2025-04-09 14:56:00,13.7780048,13,15,Bananas - Red Banana,SH1500,BRT (Bartolini) – OP-008,32.0,250,LOT202504-20250409-387,True,False,None,0.0,Milano,45.4642,9.19
2025-03-20 02:10:00,11.7953687,10,13,Tomatoes - Beefsteak,SH1132,Italtrans – OP-004,19.0,215,LOT202503-20250320-388,True,False,None,0.0,Roma,41.9028,12.4964
2025-05-28 17:29:00,11.15068481,10,13,Tomatoes - Cherry,SH1990,Amazon Italia Logistica – OP-010,18.0,210,LOT202505-20250528-389,True,False,None,0.0,Reggio Calabria,38.1112,15.6613
2025-03-14 20:55:00,10.24255106,10,13,Tomatoes - San Marzano,SH1774,Savino Del Bene – OP-005,22.0,230,LOT202503-20250314-390,True,False,None,0.0,Cagliari,39.2238,9.1217
2025-03-19 13:23:00,2.486659235,1,4,Lettuce - Butterhead,SH1185,Savino Del Bene – OP-005,14.0,175,LOT202503-20250319-391,True,False,None,0.0,Novara,45.4459,8.6222
2025-03-17 03:59:00,12.04738336,10,13,Tomatoes - Cherry,SH1041,BCUBE – OP-006,18.0,210,LOT202503-20250317-392,True,False,None,0.0,Torino,45.0703,7.6869
2025-04-24 09:01:00,10.98028112,10,13,Tomatoes - Beefsteak,SH1696,Schenker Italiana – OP-007,19.0,215,LOT202504-20250424-393,True,False,None,0.0,Torino,45.0703,7.6869
2025-05-17 22:14:00,13.5298248,13,15,Bananas - Plantain,SH1108,BRT (Bartolini) – OP-008,33.0,260,LOT202505-20250517-394,True,False,None,0.0,Perugia,43.1107,12.3908
2025-03-09 00:41:00,13.79433266,13,15,Bananas - Plantain,SH1588,BRT (Bartolini) – OP-008,33.0,260,LOT202503-20250309-395,True,False,None,0.0,Napoli,40.8518,14.2681
2025-05-14 14:35:00,2.061328447,1,4,Lettuce - Iceberg,SH1056,Arcese Trasporti – OP-002,15.0,180,LOT202505-20250514-396,True,False,None,0.0,Vicenza,45.5455,11.5354
2025-04-15 21:01:00,13.9445702,13,15,Bananas - Red Banana,SH1405,GLS Italy – OP-009,32.0,250,LOT202504-20250415-397,True,False,None,0.0,Sassari,40.7259,8.5555
2025-05-01 09:17:00,10.99475224,13,15,Bananas - Cavendish,SH1442,Schenker Italiana – OP-007,31.5,240,LOT202505-20250501-398,False,True,Medium,0.0,Palermo,38.1157,13.3615
2025-04-04 03:13:00,13.49795401,13,15,Bananas - Plantain,SH1757,Italtrans – OP-004,33.0,260,LOT202504-20250404-399,True,False,None,0.0,Reggio Calabria,38.1112,15.6613
2025-03-24 00:22:00,1.258421496,0,2,Strawberries - Albion,SH1997,Italtrans – OP-004,30.0,260,LOT202503-20250324-400,True,False,None,0.0,Reggio Calabria,38.1112,15.6613
2025-03-19 16:36:00,12.07680562,10,13,Tomatoes - Cherry,SH1024,BRT (Bartolini) – OP-008,18.0,210,LOT202503-20250319-401,True,False,None,0.0,Roma,41.9028,12.4964
2025-04-14 16:04:00,11.29294164,10,13,Tomatoes - Beefsteak,SH1467,Italtrans – OP-004,19.0,215,LOT202504-20250414-402,True,False,None,0.0,Trento,46.07,11.119
2025-04-01 05:25:00,2.393126846,0,4,Apples - Evelina,SH1539,BCUBE – OP-006,19.0,195,LOT202504-20250401-403,True,False,None,0.0,Bologna,44.4949,11.3426
2025-05-27 10:52:00,2.215366539,0,4,Apples - Gala,SH1531,Savino Del Bene – OP-005,19.5,202,LOT202505-20250527-404,True,False,None,0.0,Rimini,44.0604,12.5656
2025-03-04 05:28:00,11.90700728,10,13,Tomatoes - Roma,SH1618,SDA Express Courier – OP-003,20.0,220,LOT202503-20250304-405,True,False,None,0.0,Napoli,40.8518,14.2681
2025-03-25 09:33:00,13.73529434,13,15,Bananas - Cavendish,SH1694,Amazon Italia Logistica – OP-010,31.5,240,LOT202503-20250325-406,True,False,None,0.0,Trento,46.07,11.119
2025-04-05 04:37:00,3.455295156,1,4,Lettuce - Iceberg,SH1926,Arcese Trasporti – OP-002,15.0,180,LOT202504-20250405-407,True,False,None,0.0,Torino,45.0703,7.6869
2025-05-06 16:59:00,1.218905167,0,2,Strawberries - Albion,SH1338,GLS Italy – OP-009,30.0,260,LOT202505-20250506-408,True,False,None,0.0,Roma,41.9028,12.4964
2025-05-05 16:28:00,1.88820574,0,4,Apples - Renetta,SH1051,Amazon Italia Logistica – OP-010,20.5,210,LOT202505-20250505-409,True,False,None,0.0,Siracusa,37.0755,15.2866
2025-05-09 09:50:00,0.466156468,0,2,Strawberries - Monterey,SH1507,GLS Italy – OP-009,29.0,255,LOT202505-20250509-410,True,False,None,0.0,Roma,41.9028,12.4964
2025-05-08 06:37:00,10.70535431,10,13,Tomatoes - Beefsteak,SH1516,FERCAM – OP-001,19.0,215,LOT202505-20250508-411,True,False,None,0.0,Napoli,40.8518,14.2681
2025-04-18 16:55:00,12.07852748,10,13,Tomatoes - Beefsteak,SH1920,Amazon Italia Logistica – OP-010,19.0,215,LOT202504-20250418-412,True,False,None,0.0,Bolzano,46.4983,11.3548
2025-03-25 08:06:00,11.44813763,10,13,Tomatoes - Beefsteak,SH1781,SDA Express Courier – OP-003,19.0,215,LOT202503-20250325-413,True,False,None,0.0,Bolzano,46.4983,11.3548
2025-04-02 16:24:00,2.290755082,0,4,Apples - Evelina,SH1264,BRT (Bartolini) – OP-008,19.0,195,LOT202504-20250402-414,True,False,None,0.0,Bari,41.1171,16.8719
2025-05-10 10:59:00,2.08936802,1,4,Lettuce - Iceberg,SH1817,BCUBE – OP-006,15.0,180,LOT202505-20250510-415,True,False,None,0.0,Messina,38.1938,15.554
2025-05-14 01:05:00,2.848054013,0,4,Apples - Fuji,SH1710,Savino Del Bene – OP-005,21.0,205,LOT202505-20250514-416,True,False,None,0.0,Palermo,38.1157,13.3615
2025-04-18 03:50:00,11.96607608,10,13,Tomatoes - Beefsteak,SH1682,Savino Del Bene – OP-005,19.0,215,LOT202504-20250418-417,True,False,None,0.0,Napoli,40.8518,14.2681
2025-04-01 20:53:00,11.58040263,10,13,Tomatoes - Cherry,SH1832,BCUBE – OP-006,18.0,210,LOT202504-20250401-418,True,False,None,0.0,Napoli,40.8518,14.2681
2025-05-10 12:00:00,11.12660869,10,13,Tomatoes - Beefsteak,SH1518,Schenker Italiana – OP-007,19.0,215,LOT202505-20250510-419,True,False,None,0.0,Trieste,45.6495,13.7768
2025-05-27 08:58:00,-1.291921223,0,4,Apples - Gala,SH1447,FERCAM – OP-001,19.5,202,LOT202505-20250527-420,False,True,High,0.0,Reggio Calabria,38.1112,15.6613
2025-04-12 13:12:00,2.23598044,1,4,Lettuce - Lollo Rosso,SH1018,GLS Italy – OP-009,16.0,185,LOT202504-20250412-421,True,False,None,0.0,Livorno,43.5485,10.3106
2025-05-03 23:52:00,11.05958096,10,13,Tomatoes - Roma,SH1715,SDA Express Courier – OP-003,20.0,220,LOT202505-20250503-422,True,False,None,0.0,Ravenna,44.4184,12.2035
2025-05-25 08:27:00,14.04142202,13,15,Bananas - Cavendish,SH1483,Italtrans – OP-004,31.5,240,LOT202505-20250525-423,True,False,None,0.0,Roma,41.9028,12.4964
2025-04-16 23:29:00,1.945844934,0,4,Apples - Gala,SH1568,Amazon Italia Logistica – OP-010,19.5,202,LOT202504-20250416-424,True,False,None,0.0,Genova,44.4056,8.9463
2025-04-14 21:54:00,2.098173412,1,4,Lettuce - Iceberg,SH1433,FERCAM – OP-001,15.0,180,LOT202504-20250414-425,True,False,None,0.0,Roma,41.9028,12.4964
2025-05-26 04:52:00,1.305848702,0,2,Strawberries - Monterey,SH1367,Amazon Italia Logistica – OP-010,29.0,255,LOT202505-20250526-426,True,False,None,0.0,Firenze,43.7696,11.2558
2025-05-22 16:04:00,11.23802485,10,13,Tomatoes - Roma,SH1083,SDA Express Courier – OP-003,20.0,220,LOT202505-20250522-427,True,False,None,0.0,Palermo,38.1157,13.3615
2025-05-15 09:02:00,0.890209288,0,2,Strawberries - Monterey,SH1061,Arcese Trasporti – OP-002,29.0,255,LOT202505-20250515-428,True,False,None,0.0,Bergamo,45.6983,9.6773
2025-03-10 13:20:00,13.41456189,13,15,Bananas - Cavendish,SH1638,Arcese Trasporti – OP-002,31.5,240,LOT202503-20250310-429,True,False,None,0.0,Napoli,40.8518,14.2681
2025-03-16 05:27:00,1.860195637,0,4,Apples - Golden,SH1272,FERCAM – OP-001,20.0,200,LOT202503-20250316-430,True,False,None,0.0,Roma,41.9028,12.4964
2025-04-30 01:15:00,13.82081686,13,15,Bananas - Cavendish,SH1285,BRT (Bartolini) – OP-008,31.5,240,LOT202504-20250430-431,True,False,None,0.0,Roma,41.9028,12.4964
2025-04-12 14:47:00,0.412099444,0,2,Strawberries - Albion,SH1360,SDA Express Courier – OP-003,30.0,260,LOT202504-20250412-432,True,False,None,0.0,Reggio Emilia,44.698,10.63
2025-05-08 00:35:00,2.345092529,1,4,Lettuce - Butterhead,SH1354,SDA Express Courier – OP-003,14.0,175,LOT202505-20250508-433,True,False,None,0.0,Verona,45.4384,10.9916
2025-03-09 17:48:00,1.342572193,0,4,Apples - Red Delicious,SH1456,BCUBE – OP-006,18.0,198,LOT202503-20250309-434,True,False,None,0.0,Roma,41.9028,12.4964
2025-05-24 13:10:00,2.386105886,1,4,Lettuce - Romaine,SH1278,BRT (Bartolini) – OP-008,17.0,190,LOT202505-20250524-435,True,False,None,0.0,Roma,41.9028,12.4964
2025-05-10 14:38:00,2.489877348,0,4,Apples - Fuji,SH1012,GLS Italy – OP-009,21.0,205,LOT202505-20250510-436,True,False,None,0.0,Brescia,45.5416,10.2118
2025-05-12 17:34:00,14.48320047,13,15,Bananas - Plantain,SH1182,GLS Italy – OP-009,33.0,260,LOT202505-20250512-437,True,False,None,0.0,Roma,41.9028,12.4964
2025-05-22 01:14:00,13.9424985,13,15,Bananas - Plantain,SH1368,Italtrans – OP-004,33.0,260,LOT202505-20250522-438,True,False,None,0.0,Foggia,41.4622,15.5446
2025-04-06 06:33:00,2.828323306,0,4,Apples - Renetta,SH1881,Savino Del Bene – OP-005,20.5,210,LOT202504-20250406-439,True,False,None,0.0,Prato,43.8777,11.1022
2025-04-01 01:38:00,1.957612777,0,4,Apples - Gala,SH1615,Arcese Trasporti – OP-002,19.5,202,LOT202504-20250401-440,True,False,None,0.0,Roma,41.9028,12.4964
2025-03-24 04:37:00,13.79899278,13,15,Bananas - Red Banana,SH1223,GLS Italy – OP-009,32.0,250,LOT202503-20250324-441,True,False,None,0.0,Roma,41.9028,12.4964
2025-04-27 01:49:00,13.52287591,13,15,Bananas - Plantain,SH1572,BRT (Bartolini) – OP-008,33.0,260,LOT202504-20250427-442,True,False,None,0.0,Udine,46.0622,13.234
2025-04-23 00:47:00,10.93425183,10,13,Tomatoes - Roma,SH1970,SDA Express Courier – OP-003,20.0,220,LOT202504-20250423-443,True,False,None,0.0,Torino,45.0703,7.6869
2025-05-26 17:13:00,11.84168098,10,13,Tomatoes - Roma,SH1653,GLS Italy – OP-009,20.0,220,LOT202505-20250526-444,True,False,None,0.0,Torino,45.0703,7.6869
2025-04-19 11:40:00,12.50751157,10,13,Tomatoes - San Marzano,SH1545,SDA Express Courier – OP-003,22.0,230,LOT202504-20250419-445,True,False,None,0.0,Foggia,41.4622,15.5446
2025-05-23 17:45:00,1.250631293,0,2,Strawberries - San Andreas,SH1582,GLS Italy – OP-009,31.0,265,LOT202505-20250523-446,True,False,None,0.0,Bolzano,46.4983,11.3548
2025-04-23 04:59:00,13.70478915,13,15,Bananas - Plantain,SH1633,Arcese Trasporti – OP-002,33.0,260,LOT202504-20250423-447,True,False,None,0.0,Udine,46.0622,13.234
2025-05-17 09:33:00,11.68324751,10,13,Tomatoes - Roma,SH1176,Amazon Italia Logistica – OP-010,20.0,220,LOT202505-20250517-448,True,False,None,0.0,Reggio Calabria,38.1112,15.6613
2025-03-14 18:16:00,2.120238681,0,4,Apples - Fuji,SH1665,GLS Italy – OP-009,21.0,205,LOT202503-20250314-449,True,False,None,0.0,Torino,45.0703,7.6869
2025-03-30 08:00:00,14.561357,13,15,Bananas - Cavendish,SH1673,BRT (Bartolini) – OP-008,31.5,240,LOT202503-20250330-450,True,False,None,0.0,Roma,41.9028,12.4964
2025-03-05 08:36:00,0.575870301,0,2,Strawberries - Elsanta,SH1585,GLS Italy – OP-009,28.0,250,LOT202503-20250305-451,True,False,None,0.0,Perugia,43.1107,12.3908
2025-05-19 02:59:00,5.428277792,0,4,Apples - Gala,SH1873,Savino Del Bene – OP-005,19.5,202,LOT202505-20250519-452,False,True,High,1.428277792,Bari,41.1171,16.8719
2025-05-12 08:39:00,11.68197178,10,13,Tomatoes - Roma,SH1393,Arcese Trasporti – OP-002,20.0,220,LOT202505-20250512-453,True,False,None,0.0,Palermo,38.1157,13.3615
2025-04-25 05:30:00,1.588327573,0,4,Apples - Renetta,SH1163,BRT (Bartolini) – OP-008,20.5,210,LOT202504-20250425-454,True,False,None,0.0,Siracusa,37.0755,15.2866
2025-03-17 07:39:00,2.732247922,1,4,Lettuce - Lollo Rosso,SH1248,BCUBE – OP-006,16.0,185,LOT202503-20250317-455,True,False,None,0.0,Roma,41.9028,12.4964
2025-05-01 12:16:00,11.36481621,10,13,Tomatoes - Cherry,SH1634,BRT (Bartolini) – OP-008,18.0,210,LOT202505-20250501-456,True,False,None,0.0,Genova,44.4056,8.9463
2025-05-15 14:16:00,10.99944286,10,13,Tomatoes - Beefsteak,SH1885,Savino Del Bene – OP-005,19.0,215,LOT202505-20250515-457,True,False,None,0.0,Roma,41.9028,12.4964
2025-04-27 06:55:00,2.969257738,1,4,Lettuce - Iceberg,SH1669,Amazon Italia Logistica – OP-010,15.0,180,LOT202504-20250427-458,True,False,None,0.0,Genova,44.4056,8.9463
2025-05-24 12:37:00,14.44618313,13,15,Bananas - Cavendish,SH1375,Arcese Trasporti – OP-002,31.5,240,LOT202505-20250524-459,True,False,None,0.0,Roma,41.9028,12.4964
2025-04-19 17:55:00,11.2843386,10,13,Tomatoes - Cherry,SH1412,BCUBE – OP-006,18.0,210,LOT202504-20250419-460,True,False,None,0.0,Roma,41.9028,12.4964
2025-05-14 20:43:00,1.272687332,0,4,Apples - Fuji,SH1074,Savino Del Bene – OP-005,21.0,205,LOT202505-20250514-461,True,False,None,0.0,Roma,41.9028,12.4964
2025-04-29 02:32:00,1.038939168,0,2,Strawberries - Monterey,SH1113,Savino Del Bene – OP-005,29.0,255,LOT202504-20250429-462,True,False,None,0.0,Padova,45.4064,11.8768
2025-03-25 23:06:00,0.709926393,0,2,Strawberries - Monterey,SH1598,FERCAM – OP-001,29.0,255,LOT202503-20250325-463,True,False,None,0.0,Reggio Calabria,38.1112,15.6613
2025-04-08 08:04:00,14.0832428,13,15,Bananas - Cavendish,SH1961,Arcese Trasporti – OP-002,31.5,240,LOT202504-20250408-464,True,False,None,0.0,Catania,37.5079,15.083
2025-04-06 00:46:00,1.956245862,0,4,Apples - Gala,SH1390,BRT (Bartolini) – OP-008,19.5,202,LOT202504-20250406-465,True,False,None,0.0,Lecce,40.3529,18.1743
2025-04-19 18:12:00,12.02209255,10,13,Tomatoes - San Marzano,SH1104,SDA Express Courier – OP-003,22.0,230,LOT202504-20250419-466,True,False,None,0.0,Torino,45.0703,7.6869
2025-03-11 19:23:00,1.968822115,0,4,Apples - Gala,SH1114,Amazon Italia Logistica – OP-010,19.5,202,LOT202503-20250311-467,True,False,None,0.0,Milano,45.4642,9.19
2025-05-04 02:44:00,13.42445399,13,15,Bananas - Red Banana,SH1417,SDA Express Courier – OP-003,32.0,250,LOT202505-20250504-468,True,False,None,0.0,Latina,41.4676,12.9037
2025-05-04 05:04:00,1.582857657,0,4,Apples - Red Delicious,SH1525,BRT (Bartolini) – OP-008,18.0,198,LOT202505-20250504-469,True,False,None,0.0,Milano,45.4642,9.19
2025-05-10 17:52:00,2.594221069,1,4,Lettuce - Iceberg,SH1457,BRT (Bartolini) – OP-008,15.0,180,LOT202505-20250510-470,True,False,None,0.0,Lecce,40.3529,18.1743
2025-03-07 20:07:00,1.054073882,0,2,Strawberries - Monterey,SH1409,Arcese Trasporti – OP-002,29.0,255,LOT202503-20250307-471,True,False,None,0.0,Roma,41.9028,12.4964
2025-03-19 03:55:00,0.843293437,0,4,Apples - Red Delicious,SH1092,BRT (Bartolini) – OP-008,18.0,198,LOT202503-20250319-472,True,False,None,0.0,Andria,41.231,16.2973
2025-04-25 07:51:00,1.206174605,0,2,Strawberries - Albion,SH1930,FERCAM – OP-001,30.0,260,LOT202504-20250425-473,True,False,None,0.0,Roma,41.9028,12.4964
2025-05-21 04:11:00,1.723099538,0,2,Strawberries - San Andreas,SH1089,BCUBE – OP-006,31.0,265,LOT202505-20250521-474,True,False,None,0.0,Bergamo,45.6983,9.6773
2025-04-27 20:30:00,0.349426207,0,2,Strawberries - San Andreas,SH1336,BRT (Bartolini) – OP-008,31.0,265,LOT202504-20250427-475,True,False,None,0.0,Firenze,43.7696,11.2558
2025-04-16 17:18:00,-2.116916032,0,2,Strawberries - Albion,SH1988,SDA Express Courier – OP-003,30.0,260,LOT202504-20250416-476,False,True,High,0.0,Novara,45.4459,8.6222
2025-03-13 17:09:00,1.347146725,1,4,Lettuce - Butterhead,SH1921,BRT (Bartolini) – OP-008,14.0,175,LOT202503-20250313-477,True,False,None,0.0,Roma,41.9028,12.4964
2025-03-01 10:19:00,13.3237198,13,15,Bananas - Plantain,SH1933,FERCAM – OP-001,33.0,260,LOT202503-20250301-478,True,False,None,0.0,Bari,41.1171,16.8719
2025-04-27 18:34:00,1.204685169,0,2,Strawberries - Elsanta,SH1605,GLS Italy – OP-009,28.0,250,LOT202504-20250427-479,True,False,None,0.0,Andria,41.231,16.2973
2025-04-04 19:08:00,1.88308828,0,4,Apples - Fuji,SH1593,GLS Italy – OP-009,21.0,205,LOT202504-20250404-480,True,False,None,0.0,Bologna,44.4949,11.3426
2025-03-25 02:27:00,11.07354946,10,13,Tomatoes - San Marzano,SH1611,Savino Del Bene – OP-005,22.0,230,LOT202503-20250325-481,True,False,None,0.0,Verona,45.4384,10.9916
2025-03-15 02:57:00,1.229466077,1,4,Lettuce - Lollo Rosso,SH1094,Amazon Italia Logistica – OP-010,16.0,185,LOT202503-20250315-482,True,False,None,0.0,Brescia,45.5416,10.2118
2025-05-26 23:41:00,2.408608586,1,4,Lettuce - Lollo Rosso,SH1011,Italtrans – OP-004,16.0,185,LOT202505-20250526-483,True,False,None,0.0,Palermo,38.1157,13.3615
2025-04-26 14:57:00,1.349375347,0,2,Strawberries - Monterey,SH1396,BCUBE – OP-006,29.0,255,LOT202504-20250426-484,True,False,None,0.0,Verona,45.4384,10.9916
2025-04-16 04:24:00,2.211863156,1,4,Lettuce - Iceberg,SH1533,Schenker Italiana – OP-007,15.0,180,LOT202504-20250416-485,True,False,None,0.0,Catania,37.5079,15.083
2025-04-03 01:34:00,14.25495444,13,15,Bananas - Cavendish,SH1043,Savino Del Bene – OP-005,31.5,240,LOT202504-20250403-486,True,False,None,0.0,Trento,46.07,11.119
2025-05-03 11:48:00,2.361681774,0,4,Apples - Fuji,SH1042,Amazon Italia Logistica – OP-010,21.0,205,LOT202505-20250503-487,True,False,None,0.0,Roma,41.9028,12.4964
2025-05-03 07:15:00,1.776504056,0,2,Strawberries - Monterey,SH1329,GLS Italy – OP-009,29.0,255,LOT202505-20250503-488,True,False,None,0.0,Milano,45.4642,9.19
2025-03-01 04:41:00,2.180288465,0,4,Apples - Evelina,SH1167,SDA Express Courier – OP-003,19.0,195,LOT202503-20250301-489,True,False,None,0.0,Bolzano,46.4983,11.3548
2025-03-20 01:00:00,13.9634764,13,15,Bananas - Cavendish,SH1497,Schenker Italiana – OP-007,31.5,240,LOT202503-20250320-490,True,False,None,0.0,Bergamo,45.6983,9.6773
2025-04-26 04:16:00,1.547212865,0,2,Strawberries - San Andreas,SH1876,Amazon Italia Logistica – OP-010,31.0,265,LOT202504-20250426-491,True,False,None,0.0,Palermo,38.1157,13.3615
2025-03-28 02:30:00,2.346790852,1,4,Lettuce - Butterhead,SH1597,Amazon Italia Logistica – OP-010,14.0,175,LOT202503-20250328-492,True,False,None,0.0,Verona,45.4384,10.9916
2025-03-01 17:38:00,11.7783146,10,13,Tomatoes - Roma,SH1756,Savino Del Bene – OP-005,20.0,220,LOT202503-20250301-493,True,False,None,0.0,Milano,45.4642,9.19
2025-04-29 20:53:00,11.70733255,10,13,Tomatoes - Roma,SH1100,Schenker Italiana – OP-007,20.0,220,LOT202504-20250429-494,True,False,None,0.0,Roma,41.9028,12.4964
2025-04-22 23:00:00,1.958967552,0,4,Apples - Renetta,SH1426,Arcese Trasporti – OP-002,20.5,210,LOT202504-20250422-495,True,False,None,0.0,Genova,44.4056,8.9463
2025-03-20 17:24:00,0.878018407,0,4,Apples - Evelina,SH1178,Italtrans – OP-004,19.0,195,LOT202503-20250320-496,True,False,None,0.0,Napoli,40.8518,14.2681
2025-05-11 20:42:00,1.913113568,0,4,Apples - Evelina,SH1444,Arcese Trasporti – OP-002,19.0,195,LOT202505-20250511-497,True,False,None,0.0,Catania,37.5079,15.083
2025-05-13 02:44:00,5.380228184,0,4,Apples - Red Delicious,SH1416,Schenker Italiana – OP-007,18.0,198,LOT202505-20250513-498,False,True,High,1.380228184,Roma,41.9028,12.4964
2025-03-21 17:36:00,12.32576061,10,13,Tomatoes - Roma,SH1870,Arcese Trasporti – OP-002,20.0,220,LOT202503-20250321-499,True,False,None,0.0,Arezzo,43.4633,11.8825
2025-03-07 09:20:00,11.29281855,10,13,Tomatoes - Roma,SH1882,FERCAM – OP-001,20.0,220,LOT202503-20250307-500,True,False,None,0.0,Udine,46.0622,13.234
